scenario_id,family,variant,k,n_history,pool_size,pool_frac_of_history,cap_binds,n_gold,n_found,k_feasible,strict,fractional,missing
ambiguous_reference_001,ambiguous_reference,,3,5,3,0.6,1,2,1,1,0,0.5,t1
ambiguous_reference_001,ambiguous_reference,,5,5,5,1.0,0,2,2,1,1,1.0,
ambiguous_reference_001,ambiguous_reference,,10,5,5,1.0,0,2,2,1,1,1.0,
ambiguous_reference_001,ambiguous_reference,,15,5,5,1.0,0,2,2,1,1,1.0,
ambiguous_reference_001,ambiguous_reference,,20,5,5,1.0,0,2,2,1,1,1.0,
ambiguous_reference_001,ambiguous_reference,,uncapped,5,5,1.0,0,2,2,1,1,1.0,
ambiguous_reference_002,ambiguous_reference,,3,6,3,0.5,1,2,1,1,0,0.5,t1
ambiguous_reference_002,ambiguous_reference,,5,6,5,0.8333333333333334,1,2,1,1,0,0.5,t1
ambiguous_reference_002,ambiguous_reference,,10,6,6,1.0,0,2,2,1,1,1.0,
ambiguous_reference_002,ambiguous_reference,,15,6,6,1.0,0,2,2,1,1,1.0,
ambiguous_reference_002,ambiguous_reference,,20,6,6,1.0,0,2,2,1,1,1.0,
ambiguous_reference_002,ambiguous_reference,,uncapped,6,6,1.0,0,2,2,1,1,1.0,
ambiguous_reference_003,ambiguous_reference,,3,5,3,0.6,1,2,1,1,0,0.5,t1
ambiguous_reference_003,ambiguous_reference,,5,5,5,1.0,0,2,2,1,1,1.0,
ambiguous_reference_003,ambiguous_reference,,10,5,5,1.0,0,2,2,1,1,1.0,
ambiguous_reference_003,ambiguous_reference,,15,5,5,1.0,0,2,2,1,1,1.0,
ambiguous_reference_003,ambiguous_reference,,20,5,5,1.0,0,2,2,1,1,1.0,
ambiguous_reference_003,ambiguous_reference,,uncapped,5,5,1.0,0,2,2,1,1,1.0,
ambiguous_reference_004,ambiguous_reference,,3,5,3,0.6,1,2,2,1,1,1.0,
ambiguous_reference_004,ambiguous_reference,,5,5,5,1.0,0,2,2,1,1,1.0,
ambiguous_reference_004,ambiguous_reference,,10,5,5,1.0,0,2,2,1,1,1.0,
ambiguous_reference_004,ambiguous_reference,,15,5,5,1.0,0,2,2,1,1,1.0,
ambiguous_reference_004,ambiguous_reference,,20,5,5,1.0,0,2,2,1,1,1.0,
ambiguous_reference_004,ambiguous_reference,,uncapped,5,5,1.0,0,2,2,1,1,1.0,
ambiguous_reference_005,ambiguous_reference,,3,7,3,0.42857142857142855,1,2,1,1,0,0.5,t1
ambiguous_reference_005,ambiguous_reference,,5,7,5,0.7142857142857143,1,2,1,1,0,0.5,t1
ambiguous_reference_005,ambiguous_reference,,10,7,7,1.0,0,2,2,1,1,1.0,
ambiguous_reference_005,ambiguous_reference,,15,7,7,1.0,0,2,2,1,1,1.0,
ambiguous_reference_005,ambiguous_reference,,20,7,7,1.0,0,2,2,1,1,1.0,
ambiguous_reference_005,ambiguous_reference,,uncapped,7,7,1.0,0,2,2,1,1,1.0,
ambiguous_reference_006,ambiguous_reference,,3,5,3,0.6,1,2,1,1,0,0.5,t1
ambiguous_reference_006,ambiguous_reference,,5,5,5,1.0,0,2,2,1,1,1.0,
ambiguous_reference_006,ambiguous_reference,,10,5,5,1.0,0,2,2,1,1,1.0,
ambiguous_reference_006,ambiguous_reference,,15,5,5,1.0,0,2,2,1,1,1.0,
ambiguous_reference_006,ambiguous_reference,,20,5,5,1.0,0,2,2,1,1,1.0,
ambiguous_reference_006,ambiguous_reference,,uncapped,5,5,1.0,0,2,2,1,1,1.0,
ambiguous_reference_007,ambiguous_reference,,3,5,3,0.6,1,2,1,1,0,0.5,t1
ambiguous_reference_007,ambiguous_reference,,5,5,5,1.0,0,2,2,1,1,1.0,
ambiguous_reference_007,ambiguous_reference,,10,5,5,1.0,0,2,2,1,1,1.0,
ambiguous_reference_007,ambiguous_reference,,15,5,5,1.0,0,2,2,1,1,1.0,
ambiguous_reference_007,ambiguous_reference,,20,5,5,1.0,0,2,2,1,1,1.0,
ambiguous_reference_007,ambiguous_reference,,uncapped,5,5,1.0,0,2,2,1,1,1.0,
ambiguous_reference_008,ambiguous_reference,,3,5,3,0.6,1,2,1,1,0,0.5,t1
ambiguous_reference_008,ambiguous_reference,,5,5,5,1.0,0,2,2,1,1,1.0,
ambiguous_reference_008,ambiguous_reference,,10,5,5,1.0,0,2,2,1,1,1.0,
ambiguous_reference_008,ambiguous_reference,,15,5,5,1.0,0,2,2,1,1,1.0,
ambiguous_reference_008,ambiguous_reference,,20,5,5,1.0,0,2,2,1,1,1.0,
ambiguous_reference_008,ambiguous_reference,,uncapped,5,5,1.0,0,2,2,1,1,1.0,
compound_turn_001,compound_turn,second_request,3,5,3,0.6,1,3,1,1,0,0.3333333333333333,"t1,t2"
compound_turn_001,compound_turn,second_request,5,5,5,1.0,0,3,3,1,1,1.0,
compound_turn_001,compound_turn,second_request,10,5,5,1.0,0,3,3,1,1,1.0,
compound_turn_001,compound_turn,second_request,15,5,5,1.0,0,3,3,1,1,1.0,
compound_turn_001,compound_turn,second_request,20,5,5,1.0,0,3,3,1,1,1.0,
compound_turn_001,compound_turn,second_request,uncapped,5,5,1.0,0,3,3,1,1,1.0,
compound_turn_002,compound_turn,second_request,3,6,3,0.5,1,3,0,1,0,0.0,"t1,t2,t3"
compound_turn_002,compound_turn,second_request,5,6,5,0.8333333333333334,1,3,2,1,0,0.6666666666666666,t1
compound_turn_002,compound_turn,second_request,10,6,6,1.0,0,3,3,1,1,1.0,
compound_turn_002,compound_turn,second_request,15,6,6,1.0,0,3,3,1,1,1.0,
compound_turn_002,compound_turn,second_request,20,6,6,1.0,0,3,3,1,1,1.0,
compound_turn_002,compound_turn,second_request,uncapped,6,6,1.0,0,3,3,1,1,1.0,
compound_turn_003,compound_turn,second_request,3,6,3,0.5,1,3,1,1,0,0.3333333333333333,"t1,t2"
compound_turn_003,compound_turn,second_request,5,6,5,0.8333333333333334,1,3,2,1,0,0.6666666666666666,t2
compound_turn_003,compound_turn,second_request,10,6,6,1.0,0,3,3,1,1,1.0,
compound_turn_003,compound_turn,second_request,15,6,6,1.0,0,3,3,1,1,1.0,
compound_turn_003,compound_turn,second_request,20,6,6,1.0,0,3,3,1,1,1.0,
compound_turn_003,compound_turn,second_request,uncapped,6,6,1.0,0,3,3,1,1,1.0,
compound_turn_004,compound_turn,second_request,3,7,3,0.42857142857142855,1,3,0,1,0,0.0,"t1,t2,t3"
compound_turn_004,compound_turn,second_request,5,7,5,0.7142857142857143,1,3,1,1,0,0.3333333333333333,"t1,t2"
compound_turn_004,compound_turn,second_request,10,7,7,1.0,0,3,3,1,1,1.0,
compound_turn_004,compound_turn,second_request,15,7,7,1.0,0,3,3,1,1,1.0,
compound_turn_004,compound_turn,second_request,20,7,7,1.0,0,3,3,1,1,1.0,
compound_turn_004,compound_turn,second_request,uncapped,7,7,1.0,0,3,3,1,1,1.0,
compound_turn_005,compound_turn,second_request,3,7,3,0.42857142857142855,1,3,0,1,0,0.0,"t1,t2,t3"
compound_turn_005,compound_turn,second_request,5,7,5,0.7142857142857143,1,3,1,1,0,0.3333333333333333,"t1,t2"
compound_turn_005,compound_turn,second_request,10,7,7,1.0,0,3,3,1,1,1.0,
compound_turn_005,compound_turn,second_request,15,7,7,1.0,0,3,3,1,1,1.0,
compound_turn_005,compound_turn,second_request,20,7,7,1.0,0,3,3,1,1,1.0,
compound_turn_005,compound_turn,second_request,uncapped,7,7,1.0,0,3,3,1,1,1.0,
compound_turn_006,compound_turn,second_request,3,5,3,0.6,1,3,1,1,0,0.3333333333333333,"t1,t2"
compound_turn_006,compound_turn,second_request,5,5,5,1.0,0,3,3,1,1,1.0,
compound_turn_006,compound_turn,second_request,10,5,5,1.0,0,3,3,1,1,1.0,
compound_turn_006,compound_turn,second_request,15,5,5,1.0,0,3,3,1,1,1.0,
compound_turn_006,compound_turn,second_request,20,5,5,1.0,0,3,3,1,1,1.0,
compound_turn_006,compound_turn,second_request,uncapped,5,5,1.0,0,3,3,1,1,1.0,
compound_turn_007,compound_turn,second_request,3,6,3,0.5,1,3,1,1,0,0.3333333333333333,"t1,t2"
compound_turn_007,compound_turn,second_request,5,6,5,0.8333333333333334,1,3,2,1,0,0.6666666666666666,t1
compound_turn_007,compound_turn,second_request,10,6,6,1.0,0,3,3,1,1,1.0,
compound_turn_007,compound_turn,second_request,15,6,6,1.0,0,3,3,1,1,1.0,
compound_turn_007,compound_turn,second_request,20,6,6,1.0,0,3,3,1,1,1.0,
compound_turn_007,compound_turn,second_request,uncapped,6,6,1.0,0,3,3,1,1,1.0,
compound_turn_008,compound_turn,second_request,3,7,3,0.42857142857142855,1,3,0,1,0,0.0,"t1,t2,t3"
compound_turn_008,compound_turn,second_request,5,7,5,0.7142857142857143,1,3,1,1,0,0.3333333333333333,"t1,t2"
compound_turn_008,compound_turn,second_request,10,7,7,1.0,0,3,3,1,1,1.0,
compound_turn_008,compound_turn,second_request,15,7,7,1.0,0,3,3,1,1,1.0,
compound_turn_008,compound_turn,second_request,20,7,7,1.0,0,3,3,1,1,1.0,
compound_turn_008,compound_turn,second_request,uncapped,7,7,1.0,0,3,3,1,1,1.0,
compound_turn_009,compound_turn,second_request,3,6,3,0.5,1,3,0,1,0,0.0,"t1,t2,t3"
compound_turn_009,compound_turn,second_request,5,6,5,0.8333333333333334,1,3,2,1,0,0.6666666666666666,t1
compound_turn_009,compound_turn,second_request,10,6,6,1.0,0,3,3,1,1,1.0,
compound_turn_009,compound_turn,second_request,15,6,6,1.0,0,3,3,1,1,1.0,
compound_turn_009,compound_turn,second_request,20,6,6,1.0,0,3,3,1,1,1.0,
compound_turn_009,compound_turn,second_request,uncapped,6,6,1.0,0,3,3,1,1,1.0,
compound_turn_010,compound_turn,second_request,3,7,3,0.42857142857142855,1,3,1,1,0,0.3333333333333333,"t1,t2"
compound_turn_010,compound_turn,second_request,5,7,5,0.7142857142857143,1,3,1,1,0,0.3333333333333333,"t1,t2"
compound_turn_010,compound_turn,second_request,10,7,7,1.0,0,3,3,1,1,1.0,
compound_turn_010,compound_turn,second_request,15,7,7,1.0,0,3,3,1,1,1.0,
compound_turn_010,compound_turn,second_request,20,7,7,1.0,0,3,3,1,1,1.0,
compound_turn_010,compound_turn,second_request,uncapped,7,7,1.0,0,3,3,1,1,1.0,
compound_turn_011,compound_turn,first_request,3,5,3,0.6,1,3,1,1,0,0.3333333333333333,"t1,t2"
compound_turn_011,compound_turn,first_request,5,5,5,1.0,0,3,3,1,1,1.0,
compound_turn_011,compound_turn,first_request,10,5,5,1.0,0,3,3,1,1,1.0,
compound_turn_011,compound_turn,first_request,15,5,5,1.0,0,3,3,1,1,1.0,
compound_turn_011,compound_turn,first_request,20,5,5,1.0,0,3,3,1,1,1.0,
compound_turn_011,compound_turn,first_request,uncapped,5,5,1.0,0,3,3,1,1,1.0,
compound_turn_012,compound_turn,first_request,3,5,3,0.6,1,3,1,1,0,0.3333333333333333,"t1,t2"
compound_turn_012,compound_turn,first_request,5,5,5,1.0,0,3,3,1,1,1.0,
compound_turn_012,compound_turn,first_request,10,5,5,1.0,0,3,3,1,1,1.0,
compound_turn_012,compound_turn,first_request,15,5,5,1.0,0,3,3,1,1,1.0,
compound_turn_012,compound_turn,first_request,20,5,5,1.0,0,3,3,1,1,1.0,
compound_turn_012,compound_turn,first_request,uncapped,5,5,1.0,0,3,3,1,1,1.0,
compound_turn_013,compound_turn,first_request,3,6,3,0.5,1,3,2,1,0,0.6666666666666666,t1
compound_turn_013,compound_turn,first_request,5,6,5,0.8333333333333334,1,3,2,1,0,0.6666666666666666,t1
compound_turn_013,compound_turn,first_request,10,6,6,1.0,0,3,3,1,1,1.0,
compound_turn_013,compound_turn,first_request,15,6,6,1.0,0,3,3,1,1,1.0,
compound_turn_013,compound_turn,first_request,20,6,6,1.0,0,3,3,1,1,1.0,
compound_turn_013,compound_turn,first_request,uncapped,6,6,1.0,0,3,3,1,1,1.0,
compound_turn_014,compound_turn,first_request,3,5,3,0.6,1,3,2,1,0,0.6666666666666666,t2
compound_turn_014,compound_turn,first_request,5,5,5,1.0,0,3,3,1,1,1.0,
compound_turn_014,compound_turn,first_request,10,5,5,1.0,0,3,3,1,1,1.0,
compound_turn_014,compound_turn,first_request,15,5,5,1.0,0,3,3,1,1,1.0,
compound_turn_014,compound_turn,first_request,20,5,5,1.0,0,3,3,1,1,1.0,
compound_turn_014,compound_turn,first_request,uncapped,5,5,1.0,0,3,3,1,1,1.0,
compound_turn_015,compound_turn,first_request,3,5,3,0.6,1,3,1,1,0,0.3333333333333333,"t1,t2"
compound_turn_015,compound_turn,first_request,5,5,5,1.0,0,3,3,1,1,1.0,
compound_turn_015,compound_turn,first_request,10,5,5,1.0,0,3,3,1,1,1.0,
compound_turn_015,compound_turn,first_request,15,5,5,1.0,0,3,3,1,1,1.0,
compound_turn_015,compound_turn,first_request,20,5,5,1.0,0,3,3,1,1,1.0,
compound_turn_015,compound_turn,first_request,uncapped,5,5,1.0,0,3,3,1,1,1.0,
constraint_retention_001,constraint_retention,,3,24,3,0.125,1,2,1,1,0,0.5,t1
constraint_retention_001,constraint_retention,,5,24,5,0.20833333333333334,1,2,2,1,1,1.0,
constraint_retention_001,constraint_retention,,10,24,10,0.4166666666666667,1,2,2,1,1,1.0,
constraint_retention_001,constraint_retention,,15,24,13,0.5416666666666666,1,2,2,1,1,1.0,
constraint_retention_001,constraint_retention,,20,24,13,0.5416666666666666,1,2,2,1,1,1.0,
constraint_retention_001,constraint_retention,,uncapped,24,13,0.5416666666666666,0,2,2,1,1,1.0,
constraint_retention_002,constraint_retention,,3,23,3,0.13043478260869565,1,2,1,1,0,0.5,t1
constraint_retention_002,constraint_retention,,5,23,5,0.21739130434782608,1,2,1,1,0,0.5,t1
constraint_retention_002,constraint_retention,,10,23,10,0.43478260869565216,1,2,2,1,1,1.0,
constraint_retention_002,constraint_retention,,15,23,14,0.6086956521739131,1,2,2,1,1,1.0,
constraint_retention_002,constraint_retention,,20,23,14,0.6086956521739131,1,2,2,1,1,1.0,
constraint_retention_002,constraint_retention,,uncapped,23,14,0.6086956521739131,0,2,2,1,1,1.0,
constraint_retention_003,constraint_retention,,3,22,3,0.13636363636363635,1,2,1,1,0,0.5,t1
constraint_retention_003,constraint_retention,,5,22,5,0.22727272727272727,1,2,2,1,1,1.0,
constraint_retention_003,constraint_retention,,10,22,10,0.45454545454545453,1,2,2,1,1,1.0,
constraint_retention_003,constraint_retention,,15,22,14,0.6363636363636364,1,2,2,1,1,1.0,
constraint_retention_003,constraint_retention,,20,22,14,0.6363636363636364,1,2,2,1,1,1.0,
constraint_retention_003,constraint_retention,,uncapped,22,14,0.6363636363636364,0,2,2,1,1,1.0,
constraint_retention_004,constraint_retention,,3,23,3,0.13043478260869565,1,2,1,1,0,0.5,t1
constraint_retention_004,constraint_retention,,5,23,5,0.21739130434782608,1,2,1,1,0,0.5,t1
constraint_retention_004,constraint_retention,,10,23,10,0.43478260869565216,1,2,2,1,1,1.0,
constraint_retention_004,constraint_retention,,15,23,13,0.5652173913043478,1,2,2,1,1,1.0,
constraint_retention_004,constraint_retention,,20,23,13,0.5652173913043478,1,2,2,1,1,1.0,
constraint_retention_004,constraint_retention,,uncapped,23,13,0.5652173913043478,0,2,2,1,1,1.0,
constraint_retention_005,constraint_retention,,3,22,3,0.13636363636363635,1,2,1,1,0,0.5,t1
constraint_retention_005,constraint_retention,,5,22,5,0.22727272727272727,1,2,2,1,1,1.0,
constraint_retention_005,constraint_retention,,10,22,10,0.45454545454545453,1,2,2,1,1,1.0,
constraint_retention_005,constraint_retention,,15,22,12,0.5454545454545454,1,2,2,1,1,1.0,
constraint_retention_005,constraint_retention,,20,22,12,0.5454545454545454,1,2,2,1,1,1.0,
constraint_retention_005,constraint_retention,,uncapped,22,12,0.5454545454545454,0,2,2,1,1,1.0,
constraint_retention_006,constraint_retention,,3,24,3,0.125,1,2,1,1,0,0.5,t1
constraint_retention_006,constraint_retention,,5,24,5,0.20833333333333334,1,2,1,1,0,0.5,t1
constraint_retention_006,constraint_retention,,10,24,10,0.4166666666666667,1,2,2,1,1,1.0,
constraint_retention_006,constraint_retention,,15,24,14,0.5833333333333334,1,2,2,1,1,1.0,
constraint_retention_006,constraint_retention,,20,24,14,0.5833333333333334,1,2,2,1,1,1.0,
constraint_retention_006,constraint_retention,,uncapped,24,14,0.5833333333333334,0,2,2,1,1,1.0,
constraint_retention_007,constraint_retention,,3,28,3,0.10714285714285714,1,2,1,1,0,0.5,t1
constraint_retention_007,constraint_retention,,5,28,5,0.17857142857142858,1,2,1,1,0,0.5,t1
constraint_retention_007,constraint_retention,,10,28,10,0.35714285714285715,1,2,2,1,1,1.0,
constraint_retention_007,constraint_retention,,15,28,13,0.4642857142857143,1,2,2,1,1,1.0,
constraint_retention_007,constraint_retention,,20,28,13,0.4642857142857143,1,2,2,1,1,1.0,
constraint_retention_007,constraint_retention,,uncapped,28,13,0.4642857142857143,0,2,2,1,1,1.0,
constraint_retention_008,constraint_retention,,3,27,3,0.1111111111111111,1,2,0,1,0,0.0,"t1,t2"
constraint_retention_008,constraint_retention,,5,27,5,0.18518518518518517,1,2,1,1,0,0.5,t2
constraint_retention_008,constraint_retention,,10,27,10,0.37037037037037035,1,2,1,1,0,0.5,t2
constraint_retention_008,constraint_retention,,15,27,14,0.5185185185185185,1,2,2,1,1,1.0,
constraint_retention_008,constraint_retention,,20,27,14,0.5185185185185185,1,2,2,1,1,1.0,
constraint_retention_008,constraint_retention,,uncapped,27,14,0.5185185185185185,0,2,2,1,1,1.0,
constraint_retention_009,constraint_retention,,3,22,3,0.13636363636363635,1,2,1,1,0,0.5,t1
constraint_retention_009,constraint_retention,,5,22,5,0.22727272727272727,1,2,2,1,1,1.0,
constraint_retention_009,constraint_retention,,10,22,10,0.45454545454545453,1,2,2,1,1,1.0,
constraint_retention_009,constraint_retention,,15,22,13,0.5909090909090909,1,2,2,1,1,1.0,
constraint_retention_009,constraint_retention,,20,22,13,0.5909090909090909,1,2,2,1,1,1.0,
constraint_retention_009,constraint_retention,,uncapped,22,13,0.5909090909090909,0,2,2,1,1,1.0,
constraint_retention_010,constraint_retention,,3,24,3,0.125,1,2,1,1,0,0.5,t1
constraint_retention_010,constraint_retention,,5,24,5,0.20833333333333334,1,2,1,1,0,0.5,t1
constraint_retention_010,constraint_retention,,10,24,10,0.4166666666666667,1,2,2,1,1,1.0,
constraint_retention_010,constraint_retention,,15,24,13,0.5416666666666666,1,2,2,1,1,1.0,
constraint_retention_010,constraint_retention,,20,24,13,0.5416666666666666,1,2,2,1,1,1.0,
constraint_retention_010,constraint_retention,,uncapped,24,13,0.5416666666666666,0,2,2,1,1,1.0,
constraint_retention_011,constraint_retention,,3,22,3,0.13636363636363635,1,2,1,1,0,0.5,t1
constraint_retention_011,constraint_retention,,5,22,5,0.22727272727272727,1,2,1,1,0,0.5,t1
constraint_retention_011,constraint_retention,,10,22,10,0.45454545454545453,1,2,2,1,1,1.0,
constraint_retention_011,constraint_retention,,15,22,13,0.5909090909090909,1,2,2,1,1,1.0,
constraint_retention_011,constraint_retention,,20,22,13,0.5909090909090909,1,2,2,1,1,1.0,
constraint_retention_011,constraint_retention,,uncapped,22,13,0.5909090909090909,0,2,2,1,1,1.0,
constraint_retention_012,constraint_retention,,3,22,3,0.13636363636363635,1,2,1,1,0,0.5,t1
constraint_retention_012,constraint_retention,,5,22,5,0.22727272727272727,1,2,1,1,0,0.5,t1
constraint_retention_012,constraint_retention,,10,22,10,0.45454545454545453,1,2,2,1,1,1.0,
constraint_retention_012,constraint_retention,,15,22,11,0.5,1,2,2,1,1,1.0,
constraint_retention_012,constraint_retention,,20,22,11,0.5,1,2,2,1,1,1.0,
constraint_retention_012,constraint_retention,,uncapped,22,11,0.5,0,2,2,1,1,1.0,
continuation_001,continuation,,3,7,3,0.42857142857142855,1,7,3,0,0,0.42857142857142855,"t1,t2,t3,t4"
continuation_001,continuation,,5,7,5,0.7142857142857143,1,7,5,0,0,0.7142857142857143,"t1,t3"
continuation_001,continuation,,10,7,7,1.0,0,7,7,1,1,1.0,
continuation_001,continuation,,15,7,7,1.0,0,7,7,1,1,1.0,
continuation_001,continuation,,20,7,7,1.0,0,7,7,1,1,1.0,
continuation_001,continuation,,uncapped,7,7,1.0,0,7,7,1,1,1.0,
continuation_002,continuation,,3,6,3,0.5,1,6,3,0,0,0.5,"t1,t2,t3"
continuation_002,continuation,,5,6,5,0.8333333333333334,1,6,5,0,0,0.8333333333333334,t3
continuation_002,continuation,,10,6,6,1.0,0,6,6,1,1,1.0,
continuation_002,continuation,,15,6,6,1.0,0,6,6,1,1,1.0,
continuation_002,continuation,,20,6,6,1.0,0,6,6,1,1,1.0,
continuation_002,continuation,,uncapped,6,6,1.0,0,6,6,1,1,1.0,
continuation_003,continuation,,3,5,3,0.6,1,5,3,0,0,0.6,"t1,t2"
continuation_003,continuation,,5,5,5,1.0,0,5,5,1,1,1.0,
continuation_003,continuation,,10,5,5,1.0,0,5,5,1,1,1.0,
continuation_003,continuation,,15,5,5,1.0,0,5,5,1,1,1.0,
continuation_003,continuation,,20,5,5,1.0,0,5,5,1,1,1.0,
continuation_003,continuation,,uncapped,5,5,1.0,0,5,5,1,1,1.0,
continuation_004,continuation,,3,7,3,0.42857142857142855,1,7,3,0,0,0.42857142857142855,"t1,t2,t3,t4"
continuation_004,continuation,,5,7,5,0.7142857142857143,1,7,5,0,0,0.7142857142857143,"t1,t2"
continuation_004,continuation,,10,7,7,1.0,0,7,7,1,1,1.0,
continuation_004,continuation,,15,7,7,1.0,0,7,7,1,1,1.0,
continuation_004,continuation,,20,7,7,1.0,0,7,7,1,1,1.0,
continuation_004,continuation,,uncapped,7,7,1.0,0,7,7,1,1,1.0,
continuation_005,continuation,,3,6,3,0.5,1,6,3,0,0,0.5,"t1,t2,t3"
continuation_005,continuation,,5,6,5,0.8333333333333334,1,6,5,0,0,0.8333333333333334,t1
continuation_005,continuation,,10,6,6,1.0,0,6,6,1,1,1.0,
continuation_005,continuation,,15,6,6,1.0,0,6,6,1,1,1.0,
continuation_005,continuation,,20,6,6,1.0,0,6,6,1,1,1.0,
continuation_005,continuation,,uncapped,6,6,1.0,0,6,6,1,1,1.0,
continuation_006,continuation,,3,5,3,0.6,1,5,3,0,0,0.6,"t1,t2"
continuation_006,continuation,,5,5,5,1.0,0,5,5,1,1,1.0,
continuation_006,continuation,,10,5,5,1.0,0,5,5,1,1,1.0,
continuation_006,continuation,,15,5,5,1.0,0,5,5,1,1,1.0,
continuation_006,continuation,,20,5,5,1.0,0,5,5,1,1,1.0,
continuation_006,continuation,,uncapped,5,5,1.0,0,5,5,1,1,1.0,
continuation_007,continuation,,3,5,3,0.6,1,5,3,0,0,0.6,"t1,t2"
continuation_007,continuation,,5,5,5,1.0,0,5,5,1,1,1.0,
continuation_007,continuation,,10,5,5,1.0,0,5,5,1,1,1.0,
continuation_007,continuation,,15,5,5,1.0,0,5,5,1,1,1.0,
continuation_007,continuation,,20,5,5,1.0,0,5,5,1,1,1.0,
continuation_007,continuation,,uncapped,5,5,1.0,0,5,5,1,1,1.0,
continuation_008,continuation,,3,6,3,0.5,1,6,3,0,0,0.5,"t1,t2,t3"
continuation_008,continuation,,5,6,5,0.8333333333333334,1,6,5,0,0,0.8333333333333334,t1
continuation_008,continuation,,10,6,6,1.0,0,6,6,1,1,1.0,
continuation_008,continuation,,15,6,6,1.0,0,6,6,1,1,1.0,
continuation_008,continuation,,20,6,6,1.0,0,6,6,1,1,1.0,
continuation_008,continuation,,uncapped,6,6,1.0,0,6,6,1,1,1.0,
continuation_009,continuation,,3,7,3,0.42857142857142855,1,7,3,0,0,0.42857142857142855,"t1,t2,t3,t4"
continuation_009,continuation,,5,7,5,0.7142857142857143,1,7,5,0,0,0.7142857142857143,"t1,t2"
continuation_009,continuation,,10,7,7,1.0,0,7,7,1,1,1.0,
continuation_009,continuation,,15,7,7,1.0,0,7,7,1,1,1.0,
continuation_009,continuation,,20,7,7,1.0,0,7,7,1,1,1.0,
continuation_009,continuation,,uncapped,7,7,1.0,0,7,7,1,1,1.0,
continuation_010,continuation,,3,6,3,0.5,1,6,3,0,0,0.5,"t1,t2,t3"
continuation_010,continuation,,5,6,5,0.8333333333333334,1,6,5,0,0,0.8333333333333334,t1
continuation_010,continuation,,10,6,6,1.0,0,6,6,1,1,1.0,
continuation_010,continuation,,15,6,6,1.0,0,6,6,1,1,1.0,
continuation_010,continuation,,20,6,6,1.0,0,6,6,1,1,1.0,
continuation_010,continuation,,uncapped,6,6,1.0,0,6,6,1,1,1.0,
join_then_split_001,join_then_split,,3,5,3,0.6,1,2,2,1,1,1.0,
join_then_split_001,join_then_split,,5,5,5,1.0,0,2,2,1,1,1.0,
join_then_split_001,join_then_split,,10,5,5,1.0,0,2,2,1,1,1.0,
join_then_split_001,join_then_split,,15,5,5,1.0,0,2,2,1,1,1.0,
join_then_split_001,join_then_split,,20,5,5,1.0,0,2,2,1,1,1.0,
join_then_split_001,join_then_split,,uncapped,5,5,1.0,0,2,2,1,1,1.0,
join_then_split_002,join_then_split,,3,5,3,0.6,1,2,2,1,1,1.0,
join_then_split_002,join_then_split,,5,5,5,1.0,0,2,2,1,1,1.0,
join_then_split_002,join_then_split,,10,5,5,1.0,0,2,2,1,1,1.0,
join_then_split_002,join_then_split,,15,5,5,1.0,0,2,2,1,1,1.0,
join_then_split_002,join_then_split,,20,5,5,1.0,0,2,2,1,1,1.0,
join_then_split_002,join_then_split,,uncapped,5,5,1.0,0,2,2,1,1,1.0,
join_then_split_003,join_then_split,,3,6,3,0.5,1,2,1,1,0,0.5,t1
join_then_split_003,join_then_split,,5,6,5,0.8333333333333334,1,2,1,1,0,0.5,t1
join_then_split_003,join_then_split,,10,6,6,1.0,0,2,2,1,1,1.0,
join_then_split_003,join_then_split,,15,6,6,1.0,0,2,2,1,1,1.0,
join_then_split_003,join_then_split,,20,6,6,1.0,0,2,2,1,1,1.0,
join_then_split_003,join_then_split,,uncapped,6,6,1.0,0,2,2,1,1,1.0,
join_then_split_004,join_then_split,,3,5,3,0.6,1,2,2,1,1,1.0,
join_then_split_004,join_then_split,,5,5,5,1.0,0,2,2,1,1,1.0,
join_then_split_004,join_then_split,,10,5,5,1.0,0,2,2,1,1,1.0,
join_then_split_004,join_then_split,,15,5,5,1.0,0,2,2,1,1,1.0,
join_then_split_004,join_then_split,,20,5,5,1.0,0,2,2,1,1,1.0,
join_then_split_004,join_then_split,,uncapped,5,5,1.0,0,2,2,1,1,1.0,
join_then_split_005,join_then_split,,3,5,3,0.6,1,2,2,1,1,1.0,
join_then_split_005,join_then_split,,5,5,5,1.0,0,2,2,1,1,1.0,
join_then_split_005,join_then_split,,10,5,5,1.0,0,2,2,1,1,1.0,
join_then_split_005,join_then_split,,15,5,5,1.0,0,2,2,1,1,1.0,
join_then_split_005,join_then_split,,20,5,5,1.0,0,2,2,1,1,1.0,
join_then_split_005,join_then_split,,uncapped,5,5,1.0,0,2,2,1,1,1.0,
join_then_split_006,join_then_split,,3,6,3,0.5,1,2,1,1,0,0.5,t1
join_then_split_006,join_then_split,,5,6,5,0.8333333333333334,1,2,1,1,0,0.5,t1
join_then_split_006,join_then_split,,10,6,6,1.0,0,2,2,1,1,1.0,
join_then_split_006,join_then_split,,15,6,6,1.0,0,2,2,1,1,1.0,
join_then_split_006,join_then_split,,20,6,6,1.0,0,2,2,1,1,1.0,
join_then_split_006,join_then_split,,uncapped,6,6,1.0,0,2,2,1,1,1.0,
join_then_split_007,join_then_split,,3,6,3,0.5,1,2,1,1,0,0.5,t1
join_then_split_007,join_then_split,,5,6,5,0.8333333333333334,1,2,1,1,0,0.5,t1
join_then_split_007,join_then_split,,10,6,6,1.0,0,2,2,1,1,1.0,
join_then_split_007,join_then_split,,15,6,6,1.0,0,2,2,1,1,1.0,
join_then_split_007,join_then_split,,20,6,6,1.0,0,2,2,1,1,1.0,
join_then_split_007,join_then_split,,uncapped,6,6,1.0,0,2,2,1,1,1.0,
join_then_split_008,join_then_split,,3,6,3,0.5,1,2,1,1,0,0.5,t1
join_then_split_008,join_then_split,,5,6,5,0.8333333333333334,1,2,1,1,0,0.5,t1
join_then_split_008,join_then_split,,10,6,6,1.0,0,2,2,1,1,1.0,
join_then_split_008,join_then_split,,15,6,6,1.0,0,2,2,1,1,1.0,
join_then_split_008,join_then_split,,20,6,6,1.0,0,2,2,1,1,1.0,
join_then_split_008,join_then_split,,uncapped,6,6,1.0,0,2,2,1,1,1.0,
join_then_split_009,join_then_split,,3,6,3,0.5,1,2,1,1,0,0.5,t1
join_then_split_009,join_then_split,,5,6,5,0.8333333333333334,1,2,1,1,0,0.5,t1
join_then_split_009,join_then_split,,10,6,6,1.0,0,2,2,1,1,1.0,
join_then_split_009,join_then_split,,15,6,6,1.0,0,2,2,1,1,1.0,
join_then_split_009,join_then_split,,20,6,6,1.0,0,2,2,1,1,1.0,
join_then_split_009,join_then_split,,uncapped,6,6,1.0,0,2,2,1,1,1.0,
join_then_split_010,join_then_split,,3,6,3,0.5,1,2,1,1,0,0.5,t1
join_then_split_010,join_then_split,,5,6,5,0.8333333333333334,1,2,1,1,0,0.5,t1
join_then_split_010,join_then_split,,10,6,6,1.0,0,2,2,1,1,1.0,
join_then_split_010,join_then_split,,15,6,6,1.0,0,2,2,1,1,1.0,
join_then_split_010,join_then_split,,20,6,6,1.0,0,2,2,1,1,1.0,
join_then_split_010,join_then_split,,uncapped,6,6,1.0,0,2,2,1,1,1.0,
knowledge_update_001,knowledge_update,,3,24,3,0.125,1,3,1,1,0,0.3333333333333333,"t1,t5"
knowledge_update_001,knowledge_update,,5,24,5,0.20833333333333334,1,3,2,1,0,0.6666666666666666,t1
knowledge_update_001,knowledge_update,,10,24,10,0.4166666666666667,1,3,2,1,0,0.6666666666666666,t1
knowledge_update_001,knowledge_update,,15,24,15,0.625,1,3,3,1,1,1.0,
knowledge_update_001,knowledge_update,,20,24,15,0.625,1,3,3,1,1,1.0,
knowledge_update_001,knowledge_update,,uncapped,24,15,0.625,0,3,3,1,1,1.0,
knowledge_update_002,knowledge_update,,3,19,3,0.15789473684210525,1,3,1,1,0,0.3333333333333333,"t1,t2"
knowledge_update_002,knowledge_update,,5,19,5,0.2631578947368421,1,3,1,1,0,0.3333333333333333,"t1,t2"
knowledge_update_002,knowledge_update,,10,19,10,0.5263157894736842,1,3,3,1,1,1.0,
knowledge_update_002,knowledge_update,,15,19,12,0.631578947368421,1,3,3,1,1,1.0,
knowledge_update_002,knowledge_update,,20,19,12,0.631578947368421,0,3,3,1,1,1.0,
knowledge_update_002,knowledge_update,,uncapped,19,12,0.631578947368421,0,3,3,1,1,1.0,
knowledge_update_003,knowledge_update,,3,27,3,0.1111111111111111,1,3,2,1,0,0.6666666666666666,t1
knowledge_update_003,knowledge_update,,5,27,5,0.18518518518518517,1,3,2,1,0,0.6666666666666666,t1
knowledge_update_003,knowledge_update,,10,27,10,0.37037037037037035,1,3,3,1,1,1.0,
knowledge_update_003,knowledge_update,,15,27,15,0.5555555555555556,1,3,3,1,1,1.0,
knowledge_update_003,knowledge_update,,20,27,15,0.5555555555555556,1,3,3,1,1,1.0,
knowledge_update_003,knowledge_update,,uncapped,27,15,0.5555555555555556,0,3,3,1,1,1.0,
knowledge_update_004,knowledge_update,,3,22,3,0.13636363636363635,1,3,1,1,0,0.3333333333333333,"t1,t2"
knowledge_update_004,knowledge_update,,5,22,5,0.22727272727272727,1,3,1,1,0,0.3333333333333333,"t1,t2"
knowledge_update_004,knowledge_update,,10,22,10,0.45454545454545453,1,3,3,1,1,1.0,
knowledge_update_004,knowledge_update,,15,22,13,0.5909090909090909,1,3,3,1,1,1.0,
knowledge_update_004,knowledge_update,,20,22,13,0.5909090909090909,1,3,3,1,1,1.0,
knowledge_update_004,knowledge_update,,uncapped,22,13,0.5909090909090909,0,3,3,1,1,1.0,
knowledge_update_005,knowledge_update,,3,18,3,0.16666666666666666,1,3,1,1,0,0.3333333333333333,"t1,t6"
knowledge_update_005,knowledge_update,,5,18,5,0.2777777777777778,1,3,2,1,0,0.6666666666666666,t1
knowledge_update_005,knowledge_update,,10,18,10,0.5555555555555556,1,3,3,1,1,1.0,
knowledge_update_005,knowledge_update,,15,18,13,0.7222222222222222,1,3,3,1,1,1.0,
knowledge_update_005,knowledge_update,,20,18,13,0.7222222222222222,0,3,3,1,1,1.0,
knowledge_update_005,knowledge_update,,uncapped,18,13,0.7222222222222222,0,3,3,1,1,1.0,
knowledge_update_006,knowledge_update,,3,25,3,0.12,1,3,2,1,0,0.6666666666666666,t1
knowledge_update_006,knowledge_update,,5,25,5,0.2,1,3,2,1,0,0.6666666666666666,t1
knowledge_update_006,knowledge_update,,10,25,10,0.4,1,3,3,1,1,1.0,
knowledge_update_006,knowledge_update,,15,25,14,0.56,1,3,3,1,1,1.0,
knowledge_update_006,knowledge_update,,20,25,14,0.56,1,3,3,1,1,1.0,
knowledge_update_006,knowledge_update,,uncapped,25,14,0.56,0,3,3,1,1,1.0,
knowledge_update_007,knowledge_update,,3,23,3,0.13043478260869565,1,3,2,1,0,0.6666666666666666,t2
knowledge_update_007,knowledge_update,,5,23,5,0.21739130434782608,1,3,2,1,0,0.6666666666666666,t2
knowledge_update_007,knowledge_update,,10,23,10,0.43478260869565216,1,3,3,1,1,1.0,
knowledge_update_007,knowledge_update,,15,23,15,0.6521739130434783,1,3,3,1,1,1.0,
knowledge_update_007,knowledge_update,,20,23,16,0.6956521739130435,1,3,3,1,1,1.0,
knowledge_update_007,knowledge_update,,uncapped,23,16,0.6956521739130435,0,3,3,1,1,1.0,
knowledge_update_008,knowledge_update,,3,22,3,0.13636363636363635,1,3,2,1,0,0.6666666666666666,t1
knowledge_update_008,knowledge_update,,5,22,5,0.22727272727272727,1,3,2,1,0,0.6666666666666666,t1
knowledge_update_008,knowledge_update,,10,22,10,0.45454545454545453,1,3,3,1,1,1.0,
knowledge_update_008,knowledge_update,,15,22,15,0.6818181818181818,1,3,3,1,1,1.0,
knowledge_update_008,knowledge_update,,20,22,16,0.7272727272727273,1,3,3,1,1,1.0,
knowledge_update_008,knowledge_update,,uncapped,22,16,0.7272727272727273,0,3,3,1,1,1.0,
knowledge_update_009,knowledge_update,,3,19,3,0.15789473684210525,1,3,1,1,0,0.3333333333333333,"t1,t2"
knowledge_update_009,knowledge_update,,5,19,5,0.2631578947368421,1,3,1,1,0,0.3333333333333333,"t1,t2"
knowledge_update_009,knowledge_update,,10,19,10,0.5263157894736842,1,3,3,1,1,1.0,
knowledge_update_009,knowledge_update,,15,19,15,0.7894736842105263,1,3,3,1,1,1.0,
knowledge_update_009,knowledge_update,,20,19,15,0.7894736842105263,0,3,3,1,1,1.0,
knowledge_update_009,knowledge_update,,uncapped,19,15,0.7894736842105263,0,3,3,1,1,1.0,
knowledge_update_010,knowledge_update,,3,19,3,0.15789473684210525,1,3,2,1,0,0.6666666666666666,t1
knowledge_update_010,knowledge_update,,5,19,5,0.2631578947368421,1,3,2,1,0,0.6666666666666666,t1
knowledge_update_010,knowledge_update,,10,19,10,0.5263157894736842,1,3,3,1,1,1.0,
knowledge_update_010,knowledge_update,,15,19,14,0.7368421052631579,1,3,3,1,1,1.0,
knowledge_update_010,knowledge_update,,20,19,14,0.7368421052631579,0,3,3,1,1,1.0,
knowledge_update_010,knowledge_update,,uncapped,19,14,0.7368421052631579,0,3,3,1,1,1.0,
knowledge_update_011,knowledge_update,,3,18,3,0.16666666666666666,1,3,1,1,0,0.3333333333333333,"t1,t2"
knowledge_update_011,knowledge_update,,5,18,5,0.2777777777777778,1,3,2,1,0,0.6666666666666666,t2
knowledge_update_011,knowledge_update,,10,18,10,0.5555555555555556,1,3,3,1,1,1.0,
knowledge_update_011,knowledge_update,,15,18,15,0.8333333333333334,1,3,3,1,1,1.0,
knowledge_update_011,knowledge_update,,20,18,15,0.8333333333333334,0,3,3,1,1,1.0,
knowledge_update_011,knowledge_update,,uncapped,18,15,0.8333333333333334,0,3,3,1,1,1.0,
knowledge_update_012,knowledge_update,,3,26,3,0.11538461538461539,1,3,0,1,0,0.0,"t1,t2,t6"
knowledge_update_012,knowledge_update,,5,26,5,0.19230769230769232,1,3,2,1,0,0.6666666666666666,t1
knowledge_update_012,knowledge_update,,10,26,10,0.38461538461538464,1,3,3,1,1,1.0,
knowledge_update_012,knowledge_update,,15,26,15,0.5769230769230769,1,3,3,1,1,1.0,
knowledge_update_012,knowledge_update,,20,26,18,0.6923076923076923,1,3,3,1,1,1.0,
knowledge_update_012,knowledge_update,,uncapped,26,18,0.6923076923076923,0,3,3,1,1,1.0,
long_noisy_side_thread_001,long_noisy_side_thread,,3,34,3,0.08823529411764706,1,2,2,1,1,1.0,
long_noisy_side_thread_001,long_noisy_side_thread,,5,34,5,0.14705882352941177,1,2,2,1,1,1.0,
long_noisy_side_thread_001,long_noisy_side_thread,,10,34,10,0.29411764705882354,1,2,2,1,1,1.0,
long_noisy_side_thread_001,long_noisy_side_thread,,15,34,15,0.4411764705882353,1,2,2,1,1,1.0,
long_noisy_side_thread_001,long_noisy_side_thread,,20,34,15,0.4411764705882353,1,2,2,1,1,1.0,
long_noisy_side_thread_001,long_noisy_side_thread,,uncapped,34,15,0.4411764705882353,0,2,2,1,1,1.0,
long_noisy_side_thread_002,long_noisy_side_thread,,3,37,3,0.08108108108108109,1,2,2,1,1,1.0,
long_noisy_side_thread_002,long_noisy_side_thread,,5,37,5,0.13513513513513514,1,2,2,1,1,1.0,
long_noisy_side_thread_002,long_noisy_side_thread,,10,37,10,0.2702702702702703,1,2,2,1,1,1.0,
long_noisy_side_thread_002,long_noisy_side_thread,,15,37,15,0.40540540540540543,1,2,2,1,1,1.0,
long_noisy_side_thread_002,long_noisy_side_thread,,20,37,15,0.40540540540540543,1,2,2,1,1,1.0,
long_noisy_side_thread_002,long_noisy_side_thread,,uncapped,37,15,0.40540540540540543,0,2,2,1,1,1.0,
long_noisy_side_thread_003,long_noisy_side_thread,,3,40,3,0.075,1,2,1,1,0,0.5,t1
long_noisy_side_thread_003,long_noisy_side_thread,,5,40,5,0.125,1,2,1,1,0,0.5,t1
long_noisy_side_thread_003,long_noisy_side_thread,,10,40,10,0.25,1,2,2,1,1,1.0,
long_noisy_side_thread_003,long_noisy_side_thread,,15,40,13,0.325,1,2,2,1,1,1.0,
long_noisy_side_thread_003,long_noisy_side_thread,,20,40,13,0.325,1,2,2,1,1,1.0,
long_noisy_side_thread_003,long_noisy_side_thread,,uncapped,40,13,0.325,0,2,2,1,1,1.0,
long_noisy_side_thread_004,long_noisy_side_thread,,3,37,3,0.08108108108108109,1,2,1,1,0,0.5,t1
long_noisy_side_thread_004,long_noisy_side_thread,,5,37,5,0.13513513513513514,1,2,2,1,1,1.0,
long_noisy_side_thread_004,long_noisy_side_thread,,10,37,10,0.2702702702702703,1,2,2,1,1,1.0,
long_noisy_side_thread_004,long_noisy_side_thread,,15,37,15,0.40540540540540543,1,2,2,1,1,1.0,
long_noisy_side_thread_004,long_noisy_side_thread,,20,37,15,0.40540540540540543,1,2,2,1,1,1.0,
long_noisy_side_thread_004,long_noisy_side_thread,,uncapped,37,15,0.40540540540540543,0,2,2,1,1,1.0,
long_noisy_side_thread_005,long_noisy_side_thread,,3,38,3,0.07894736842105263,1,2,1,1,0,0.5,t1
long_noisy_side_thread_005,long_noisy_side_thread,,5,38,5,0.13157894736842105,1,2,2,1,1,1.0,
long_noisy_side_thread_005,long_noisy_side_thread,,10,38,10,0.2631578947368421,1,2,2,1,1,1.0,
long_noisy_side_thread_005,long_noisy_side_thread,,15,38,15,0.39473684210526316,1,2,2,1,1,1.0,
long_noisy_side_thread_005,long_noisy_side_thread,,20,38,15,0.39473684210526316,1,2,2,1,1,1.0,
long_noisy_side_thread_005,long_noisy_side_thread,,uncapped,38,15,0.39473684210526316,0,2,2,1,1,1.0,
long_noisy_side_thread_006,long_noisy_side_thread,,3,34,3,0.08823529411764706,1,2,1,1,0,0.5,t1
long_noisy_side_thread_006,long_noisy_side_thread,,5,34,5,0.14705882352941177,1,2,2,1,1,1.0,
long_noisy_side_thread_006,long_noisy_side_thread,,10,34,10,0.29411764705882354,1,2,2,1,1,1.0,
long_noisy_side_thread_006,long_noisy_side_thread,,15,34,15,0.4411764705882353,1,2,2,1,1,1.0,
long_noisy_side_thread_006,long_noisy_side_thread,,20,34,15,0.4411764705882353,1,2,2,1,1,1.0,
long_noisy_side_thread_006,long_noisy_side_thread,,uncapped,34,15,0.4411764705882353,0,2,2,1,1,1.0,
long_noisy_side_thread_007,long_noisy_side_thread,,3,34,3,0.08823529411764706,1,2,1,1,0,0.5,t1
long_noisy_side_thread_007,long_noisy_side_thread,,5,34,5,0.14705882352941177,1,2,1,1,0,0.5,t1
long_noisy_side_thread_007,long_noisy_side_thread,,10,34,10,0.29411764705882354,1,2,2,1,1,1.0,
long_noisy_side_thread_007,long_noisy_side_thread,,15,34,13,0.38235294117647056,1,2,2,1,1,1.0,
long_noisy_side_thread_007,long_noisy_side_thread,,20,34,13,0.38235294117647056,1,2,2,1,1,1.0,
long_noisy_side_thread_007,long_noisy_side_thread,,uncapped,34,13,0.38235294117647056,0,2,2,1,1,1.0,
long_noisy_side_thread_008,long_noisy_side_thread,,3,33,3,0.09090909090909091,1,2,2,1,1,1.0,
long_noisy_side_thread_008,long_noisy_side_thread,,5,33,5,0.15151515151515152,1,2,2,1,1,1.0,
long_noisy_side_thread_008,long_noisy_side_thread,,10,33,10,0.30303030303030304,1,2,2,1,1,1.0,
long_noisy_side_thread_008,long_noisy_side_thread,,15,33,15,0.45454545454545453,1,2,2,1,1,1.0,
long_noisy_side_thread_008,long_noisy_side_thread,,20,33,15,0.45454545454545453,1,2,2,1,1,1.0,
long_noisy_side_thread_008,long_noisy_side_thread,,uncapped,33,15,0.45454545454545453,0,2,2,1,1,1.0,
long_noisy_side_thread_009,long_noisy_side_thread,,3,35,3,0.08571428571428572,1,2,1,1,0,0.5,t1
long_noisy_side_thread_009,long_noisy_side_thread,,5,35,5,0.14285714285714285,1,2,2,1,1,1.0,
long_noisy_side_thread_009,long_noisy_side_thread,,10,35,10,0.2857142857142857,1,2,2,1,1,1.0,
long_noisy_side_thread_009,long_noisy_side_thread,,15,35,14,0.4,1,2,2,1,1,1.0,
long_noisy_side_thread_009,long_noisy_side_thread,,20,35,14,0.4,1,2,2,1,1,1.0,
long_noisy_side_thread_009,long_noisy_side_thread,,uncapped,35,14,0.4,0,2,2,1,1,1.0,
long_noisy_side_thread_010,long_noisy_side_thread,,3,36,3,0.08333333333333333,1,2,1,1,0,0.5,t1
long_noisy_side_thread_010,long_noisy_side_thread,,5,36,5,0.1388888888888889,1,2,2,1,1,1.0,
long_noisy_side_thread_010,long_noisy_side_thread,,10,36,10,0.2777777777777778,1,2,2,1,1,1.0,
long_noisy_side_thread_010,long_noisy_side_thread,,15,36,15,0.4166666666666667,1,2,2,1,1,1.0,
long_noisy_side_thread_010,long_noisy_side_thread,,20,36,15,0.4166666666666667,1,2,2,1,1,1.0,
long_noisy_side_thread_010,long_noisy_side_thread,,uncapped,36,15,0.4166666666666667,0,2,2,1,1,1.0,
new_root_001,new_root,,3,7,3,0.42857142857142855,1,0,0,1,1,1.0,
new_root_001,new_root,,5,7,5,0.7142857142857143,1,0,0,1,1,1.0,
new_root_001,new_root,,10,7,7,1.0,0,0,0,1,1,1.0,
new_root_001,new_root,,15,7,7,1.0,0,0,0,1,1,1.0,
new_root_001,new_root,,20,7,7,1.0,0,0,0,1,1,1.0,
new_root_001,new_root,,uncapped,7,7,1.0,0,0,0,1,1,1.0,
new_root_002,new_root,,3,5,3,0.6,1,0,0,1,1,1.0,
new_root_002,new_root,,5,5,5,1.0,0,0,0,1,1,1.0,
new_root_002,new_root,,10,5,5,1.0,0,0,0,1,1,1.0,
new_root_002,new_root,,15,5,5,1.0,0,0,0,1,1,1.0,
new_root_002,new_root,,20,5,5,1.0,0,0,0,1,1,1.0,
new_root_002,new_root,,uncapped,5,5,1.0,0,0,0,1,1,1.0,
new_root_003,new_root,,3,8,3,0.375,1,0,0,1,1,1.0,
new_root_003,new_root,,5,8,5,0.625,1,0,0,1,1,1.0,
new_root_003,new_root,,10,8,8,1.0,0,0,0,1,1,1.0,
new_root_003,new_root,,15,8,8,1.0,0,0,0,1,1,1.0,
new_root_003,new_root,,20,8,8,1.0,0,0,0,1,1,1.0,
new_root_003,new_root,,uncapped,8,8,1.0,0,0,0,1,1,1.0,
new_root_004,new_root,,3,6,3,0.5,1,0,0,1,1,1.0,
new_root_004,new_root,,5,6,5,0.8333333333333334,1,0,0,1,1,1.0,
new_root_004,new_root,,10,6,6,1.0,0,0,0,1,1,1.0,
new_root_004,new_root,,15,6,6,1.0,0,0,0,1,1,1.0,
new_root_004,new_root,,20,6,6,1.0,0,0,0,1,1,1.0,
new_root_004,new_root,,uncapped,6,6,1.0,0,0,0,1,1,1.0,
new_root_005,new_root,,3,5,3,0.6,1,0,0,1,1,1.0,
new_root_005,new_root,,5,5,5,1.0,0,0,0,1,1,1.0,
new_root_005,new_root,,10,5,5,1.0,0,0,0,1,1,1.0,
new_root_005,new_root,,15,5,5,1.0,0,0,0,1,1,1.0,
new_root_005,new_root,,20,5,5,1.0,0,0,0,1,1,1.0,
new_root_005,new_root,,uncapped,5,5,1.0,0,0,0,1,1,1.0,
new_root_006,new_root,,3,7,3,0.42857142857142855,1,0,0,1,1,1.0,
new_root_006,new_root,,5,7,5,0.7142857142857143,1,0,0,1,1,1.0,
new_root_006,new_root,,10,7,7,1.0,0,0,0,1,1,1.0,
new_root_006,new_root,,15,7,7,1.0,0,0,0,1,1,1.0,
new_root_006,new_root,,20,7,7,1.0,0,0,0,1,1,1.0,
new_root_006,new_root,,uncapped,7,7,1.0,0,0,0,1,1,1.0,
new_root_007,new_root,,3,5,3,0.6,1,0,0,1,1,1.0,
new_root_007,new_root,,5,5,5,1.0,0,0,0,1,1,1.0,
new_root_007,new_root,,10,5,5,1.0,0,0,0,1,1,1.0,
new_root_007,new_root,,15,5,5,1.0,0,0,0,1,1,1.0,
new_root_007,new_root,,20,5,5,1.0,0,0,0,1,1,1.0,
new_root_007,new_root,,uncapped,5,5,1.0,0,0,0,1,1,1.0,
new_root_008,new_root,,3,5,3,0.6,1,0,0,1,1,1.0,
new_root_008,new_root,,5,5,5,1.0,0,0,0,1,1,1.0,
new_root_008,new_root,,10,5,5,1.0,0,0,0,1,1,1.0,
new_root_008,new_root,,15,5,5,1.0,0,0,0,1,1,1.0,
new_root_008,new_root,,20,5,5,1.0,0,0,0,1,1,1.0,
new_root_008,new_root,,uncapped,5,5,1.0,0,0,0,1,1,1.0,
resume_001,resume,,3,5,3,0.6,1,2,1,1,0,0.5,t1
resume_001,resume,,5,5,5,1.0,0,2,2,1,1,1.0,
resume_001,resume,,10,5,5,1.0,0,2,2,1,1,1.0,
resume_001,resume,,15,5,5,1.0,0,2,2,1,1,1.0,
resume_001,resume,,20,5,5,1.0,0,2,2,1,1,1.0,
resume_001,resume,,uncapped,5,5,1.0,0,2,2,1,1,1.0,
resume_002,resume,,3,5,3,0.6,1,2,1,1,0,0.5,t1
resume_002,resume,,5,5,5,1.0,0,2,2,1,1,1.0,
resume_002,resume,,10,5,5,1.0,0,2,2,1,1,1.0,
resume_002,resume,,15,5,5,1.0,0,2,2,1,1,1.0,
resume_002,resume,,20,5,5,1.0,0,2,2,1,1,1.0,
resume_002,resume,,uncapped,5,5,1.0,0,2,2,1,1,1.0,
resume_003,resume,,3,7,3,0.42857142857142855,1,2,1,1,0,0.5,t1
resume_003,resume,,5,7,5,0.7142857142857143,1,2,2,1,1,1.0,
resume_003,resume,,10,7,7,1.0,0,2,2,1,1,1.0,
resume_003,resume,,15,7,7,1.0,0,2,2,1,1,1.0,
resume_003,resume,,20,7,7,1.0,0,2,2,1,1,1.0,
resume_003,resume,,uncapped,7,7,1.0,0,2,2,1,1,1.0,
resume_004,resume,,3,5,3,0.6,1,2,1,1,0,0.5,t1
resume_004,resume,,5,5,5,1.0,0,2,2,1,1,1.0,
resume_004,resume,,10,5,5,1.0,0,2,2,1,1,1.0,
resume_004,resume,,15,5,5,1.0,0,2,2,1,1,1.0,
resume_004,resume,,20,5,5,1.0,0,2,2,1,1,1.0,
resume_004,resume,,uncapped,5,5,1.0,0,2,2,1,1,1.0,
resume_005,resume,,3,8,3,0.375,1,2,0,1,0,0.0,"t1,t2"
resume_005,resume,,5,8,5,0.625,1,2,1,1,0,0.5,t1
resume_005,resume,,10,8,8,1.0,0,2,2,1,1,1.0,
resume_005,resume,,15,8,8,1.0,0,2,2,1,1,1.0,
resume_005,resume,,20,8,8,1.0,0,2,2,1,1,1.0,
resume_005,resume,,uncapped,8,8,1.0,0,2,2,1,1,1.0,
resume_006,resume,,3,6,3,0.5,1,3,2,1,0,0.6666666666666666,t1
resume_006,resume,,5,6,5,0.8333333333333334,1,3,2,1,0,0.6666666666666666,t1
resume_006,resume,,10,6,6,1.0,0,3,3,1,1,1.0,
resume_006,resume,,15,6,6,1.0,0,3,3,1,1,1.0,
resume_006,resume,,20,6,6,1.0,0,3,3,1,1,1.0,
resume_006,resume,,uncapped,6,6,1.0,0,3,3,1,1,1.0,
resume_007,resume,,3,6,3,0.5,1,3,1,1,0,0.3333333333333333,"t1,t2"
resume_007,resume,,5,6,5,0.8333333333333334,1,3,2,1,0,0.6666666666666666,t1
resume_007,resume,,10,6,6,1.0,0,3,3,1,1,1.0,
resume_007,resume,,15,6,6,1.0,0,3,3,1,1,1.0,
resume_007,resume,,20,6,6,1.0,0,3,3,1,1,1.0,
resume_007,resume,,uncapped,6,6,1.0,0,3,3,1,1,1.0,
resume_008,resume,,3,8,3,0.375,1,3,1,1,0,0.3333333333333333,"t1,t2"
resume_008,resume,,5,8,5,0.625,1,3,2,1,0,0.6666666666666666,t2
resume_008,resume,,10,8,8,1.0,0,3,3,1,1,1.0,
resume_008,resume,,15,8,8,1.0,0,3,3,1,1,1.0,
resume_008,resume,,20,8,8,1.0,0,3,3,1,1,1.0,
resume_008,resume,,uncapped,8,8,1.0,0,3,3,1,1,1.0,
resume_009,resume,,3,7,3,0.42857142857142855,1,3,1,1,0,0.3333333333333333,"t1,t2"
resume_009,resume,,5,7,5,0.7142857142857143,1,3,2,1,0,0.6666666666666666,t2
resume_009,resume,,10,7,7,1.0,0,3,3,1,1,1.0,
resume_009,resume,,15,7,7,1.0,0,3,3,1,1,1.0,
resume_009,resume,,20,7,7,1.0,0,3,3,1,1,1.0,
resume_009,resume,,uncapped,7,7,1.0,0,3,3,1,1,1.0,
resume_010,resume,,3,6,3,0.5,1,3,1,1,0,0.3333333333333333,"t1,t2"
resume_010,resume,,5,6,5,0.8333333333333334,1,3,2,1,0,0.6666666666666666,t1
resume_010,resume,,10,6,6,1.0,0,3,3,1,1,1.0,
resume_010,resume,,15,6,6,1.0,0,3,3,1,1,1.0,
resume_010,resume,,20,6,6,1.0,0,3,3,1,1,1.0,
resume_010,resume,,uncapped,6,6,1.0,0,3,3,1,1,1.0,
resume_011,resume,,3,8,3,0.375,1,3,1,1,0,0.3333333333333333,"t1,t2"
resume_011,resume,,5,8,5,0.625,1,3,1,1,0,0.3333333333333333,"t1,t2"
resume_011,resume,,10,8,8,1.0,0,3,3,1,1,1.0,
resume_011,resume,,15,8,8,1.0,0,3,3,1,1,1.0,
resume_011,resume,,20,8,8,1.0,0,3,3,1,1,1.0,
resume_011,resume,,uncapped,8,8,1.0,0,3,3,1,1,1.0,
resume_012,resume,,3,9,3,0.3333333333333333,1,3,1,1,0,0.3333333333333333,"t1,t2"
resume_012,resume,,5,9,5,0.5555555555555556,1,3,2,1,0,0.6666666666666666,t1
resume_012,resume,,10,9,9,1.0,0,3,3,1,1,1.0,
resume_012,resume,,15,9,9,1.0,0,3,3,1,1,1.0,
resume_012,resume,,20,9,9,1.0,0,3,3,1,1,1.0,
resume_012,resume,,uncapped,9,9,1.0,0,3,3,1,1,1.0,
resume_013,resume,,3,7,3,0.42857142857142855,1,2,0,1,0,0.0,"t1,t2"
resume_013,resume,,5,7,5,0.7142857142857143,1,2,1,1,0,0.5,t1
resume_013,resume,,10,7,7,1.0,0,2,2,1,1,1.0,
resume_013,resume,,15,7,7,1.0,0,2,2,1,1,1.0,
resume_013,resume,,20,7,7,1.0,0,2,2,1,1,1.0,
resume_013,resume,,uncapped,7,7,1.0,0,2,2,1,1,1.0,
resume_014,resume,,3,7,3,0.42857142857142855,1,2,0,1,0,0.0,"t1,t2"
resume_014,resume,,5,7,5,0.7142857142857143,1,2,1,1,0,0.5,t1
resume_014,resume,,10,7,7,1.0,0,2,2,1,1,1.0,
resume_014,resume,,15,7,7,1.0,0,2,2,1,1,1.0,
resume_014,resume,,20,7,7,1.0,0,2,2,1,1,1.0,
resume_014,resume,,uncapped,7,7,1.0,0,2,2,1,1,1.0,
resume_015,resume,,3,6,3,0.5,1,3,1,1,0,0.3333333333333333,"t1,t2"
resume_015,resume,,5,6,5,0.8333333333333334,1,3,2,1,0,0.6666666666666666,t1
resume_015,resume,,10,6,6,1.0,0,3,3,1,1,1.0,
resume_015,resume,,15,6,6,1.0,0,3,3,1,1,1.0,
resume_015,resume,,20,6,6,1.0,0,3,3,1,1,1.0,
resume_015,resume,,uncapped,6,6,1.0,0,3,3,1,1,1.0,
semantic_decoy_001,semantic_decoy,,3,8,3,0.375,1,4,2,0,0,0.5,"t1,t2"
semantic_decoy_001,semantic_decoy,,5,8,5,0.625,1,4,2,1,0,0.5,"t1,t2"
semantic_decoy_001,semantic_decoy,,10,8,8,1.0,0,4,4,1,1,1.0,
semantic_decoy_001,semantic_decoy,,15,8,8,1.0,0,4,4,1,1,1.0,
semantic_decoy_001,semantic_decoy,,20,8,8,1.0,0,4,4,1,1,1.0,
semantic_decoy_001,semantic_decoy,,uncapped,8,8,1.0,0,4,4,1,1,1.0,
semantic_decoy_002,semantic_decoy,,3,7,3,0.42857142857142855,1,4,1,0,0,0.25,"t1,t2,t3"
semantic_decoy_002,semantic_decoy,,5,7,5,0.7142857142857143,1,4,2,1,0,0.5,"t1,t2"
semantic_decoy_002,semantic_decoy,,10,7,7,1.0,0,4,4,1,1,1.0,
semantic_decoy_002,semantic_decoy,,15,7,7,1.0,0,4,4,1,1,1.0,
semantic_decoy_002,semantic_decoy,,20,7,7,1.0,0,4,4,1,1,1.0,
semantic_decoy_002,semantic_decoy,,uncapped,7,7,1.0,0,4,4,1,1,1.0,
semantic_decoy_003,semantic_decoy,,3,7,3,0.42857142857142855,1,3,2,1,0,0.6666666666666666,t1
semantic_decoy_003,semantic_decoy,,5,7,5,0.7142857142857143,1,3,3,1,1,1.0,
semantic_decoy_003,semantic_decoy,,10,7,7,1.0,0,3,3,1,1,1.0,
semantic_decoy_003,semantic_decoy,,15,7,7,1.0,0,3,3,1,1,1.0,
semantic_decoy_003,semantic_decoy,,20,7,7,1.0,0,3,3,1,1,1.0,
semantic_decoy_003,semantic_decoy,,uncapped,7,7,1.0,0,3,3,1,1,1.0,
semantic_decoy_004,semantic_decoy,,3,6,3,0.5,1,3,3,1,1,1.0,
semantic_decoy_004,semantic_decoy,,5,6,5,0.8333333333333334,1,3,3,1,1,1.0,
semantic_decoy_004,semantic_decoy,,10,6,6,1.0,0,3,3,1,1,1.0,
semantic_decoy_004,semantic_decoy,,15,6,6,1.0,0,3,3,1,1,1.0,
semantic_decoy_004,semantic_decoy,,20,6,6,1.0,0,3,3,1,1,1.0,
semantic_decoy_004,semantic_decoy,,uncapped,6,6,1.0,0,3,3,1,1,1.0,
semantic_decoy_005,semantic_decoy,,3,7,3,0.42857142857142855,1,3,2,1,0,0.6666666666666666,t1
semantic_decoy_005,semantic_decoy,,5,7,5,0.7142857142857143,1,3,3,1,1,1.0,
semantic_decoy_005,semantic_decoy,,10,7,7,1.0,0,3,3,1,1,1.0,
semantic_decoy_005,semantic_decoy,,15,7,7,1.0,0,3,3,1,1,1.0,
semantic_decoy_005,semantic_decoy,,20,7,7,1.0,0,3,3,1,1,1.0,
semantic_decoy_005,semantic_decoy,,uncapped,7,7,1.0,0,3,3,1,1,1.0,
semantic_decoy_006,semantic_decoy,,3,8,3,0.375,1,4,1,0,0,0.25,"t1,t3,t5"
semantic_decoy_006,semantic_decoy,,5,8,5,0.625,1,4,2,1,0,0.5,"t1,t3"
semantic_decoy_006,semantic_decoy,,10,8,8,1.0,0,4,4,1,1,1.0,
semantic_decoy_006,semantic_decoy,,15,8,8,1.0,0,4,4,1,1,1.0,
semantic_decoy_006,semantic_decoy,,20,8,8,1.0,0,4,4,1,1,1.0,
semantic_decoy_006,semantic_decoy,,uncapped,8,8,1.0,0,4,4,1,1,1.0,
semantic_decoy_007,semantic_decoy,,3,7,3,0.42857142857142855,1,4,3,0,0,0.75,t1
semantic_decoy_007,semantic_decoy,,5,7,5,0.7142857142857143,1,4,3,1,0,0.75,t1
semantic_decoy_007,semantic_decoy,,10,7,7,1.0,0,4,4,1,1,1.0,
semantic_decoy_007,semantic_decoy,,15,7,7,1.0,0,4,4,1,1,1.0,
semantic_decoy_007,semantic_decoy,,20,7,7,1.0,0,4,4,1,1,1.0,
semantic_decoy_007,semantic_decoy,,uncapped,7,7,1.0,0,4,4,1,1,1.0,
semantic_decoy_008,semantic_decoy,,3,8,3,0.375,1,4,1,0,0,0.25,"t1,t3,t5"
semantic_decoy_008,semantic_decoy,,5,8,5,0.625,1,4,2,1,0,0.5,"t1,t3"
semantic_decoy_008,semantic_decoy,,10,8,8,1.0,0,4,4,1,1,1.0,
semantic_decoy_008,semantic_decoy,,15,8,8,1.0,0,4,4,1,1,1.0,
semantic_decoy_008,semantic_decoy,,20,8,8,1.0,0,4,4,1,1,1.0,
semantic_decoy_008,semantic_decoy,,uncapped,8,8,1.0,0,4,4,1,1,1.0,
semantic_decoy_009,semantic_decoy,,3,7,3,0.42857142857142855,1,3,1,1,0,0.3333333333333333,"t1,t3"
semantic_decoy_009,semantic_decoy,,5,7,5,0.7142857142857143,1,3,2,1,0,0.6666666666666666,t1
semantic_decoy_009,semantic_decoy,,10,7,7,1.0,0,3,3,1,1,1.0,
semantic_decoy_009,semantic_decoy,,15,7,7,1.0,0,3,3,1,1,1.0,
semantic_decoy_009,semantic_decoy,,20,7,7,1.0,0,3,3,1,1,1.0,
semantic_decoy_009,semantic_decoy,,uncapped,7,7,1.0,0,3,3,1,1,1.0,
semantic_decoy_010,semantic_decoy,,3,6,3,0.5,1,3,1,1,0,0.3333333333333333,"t1,t2"
semantic_decoy_010,semantic_decoy,,5,6,5,0.8333333333333334,1,3,2,1,0,0.6666666666666666,t1
semantic_decoy_010,semantic_decoy,,10,6,6,1.0,0,3,3,1,1,1.0,
semantic_decoy_010,semantic_decoy,,15,6,6,1.0,0,3,3,1,1,1.0,
semantic_decoy_010,semantic_decoy,,20,6,6,1.0,0,3,3,1,1,1.0,
semantic_decoy_010,semantic_decoy,,uncapped,6,6,1.0,0,3,3,1,1,1.0,
semantic_decoy_011,semantic_decoy,,3,6,3,0.5,1,3,1,1,0,0.3333333333333333,"t1,t2"
semantic_decoy_011,semantic_decoy,,5,6,5,0.8333333333333334,1,3,2,1,0,0.6666666666666666,t1
semantic_decoy_011,semantic_decoy,,10,6,6,1.0,0,3,3,1,1,1.0,
semantic_decoy_011,semantic_decoy,,15,6,6,1.0,0,3,3,1,1,1.0,
semantic_decoy_011,semantic_decoy,,20,6,6,1.0,0,3,3,1,1,1.0,
semantic_decoy_011,semantic_decoy,,uncapped,6,6,1.0,0,3,3,1,1,1.0,
semantic_decoy_012,semantic_decoy,,3,7,3,0.42857142857142855,1,3,2,1,0,0.6666666666666666,t1
semantic_decoy_012,semantic_decoy,,5,7,5,0.7142857142857143,1,3,2,1,0,0.6666666666666666,t1
semantic_decoy_012,semantic_decoy,,10,7,7,1.0,0,3,3,1,1,1.0,
semantic_decoy_012,semantic_decoy,,15,7,7,1.0,0,3,3,1,1,1.0,
semantic_decoy_012,semantic_decoy,,20,7,7,1.0,0,3,3,1,1,1.0,
semantic_decoy_012,semantic_decoy,,uncapped,7,7,1.0,0,3,3,1,1,1.0,
three_way_join_001,three_way_join,,3,9,3,0.3333333333333333,1,8,2,0,0,0.25,"t1,t2,t3,t4,t5,t7"
three_way_join_001,three_way_join,,5,9,5,0.5555555555555556,1,8,4,0,0,0.5,"t2,t3,t4,t5"
three_way_join_001,three_way_join,,10,9,9,1.0,0,8,8,1,1,1.0,
three_way_join_001,three_way_join,,15,9,9,1.0,0,8,8,1,1,1.0,
three_way_join_001,three_way_join,,20,9,9,1.0,0,8,8,1,1,1.0,
three_way_join_001,three_way_join,,uncapped,9,9,1.0,0,8,8,1,1,1.0,
three_way_join_002,three_way_join,,3,9,3,0.3333333333333333,1,6,3,0,0,0.5,"t1,t2,t3"
three_way_join_002,three_way_join,,5,9,5,0.5555555555555556,1,6,3,0,0,0.5,"t1,t2,t3"
three_way_join_002,three_way_join,,10,9,9,1.0,0,6,6,1,1,1.0,
three_way_join_002,three_way_join,,15,9,9,1.0,0,6,6,1,1,1.0,
three_way_join_002,three_way_join,,20,9,9,1.0,0,6,6,1,1,1.0,
three_way_join_002,three_way_join,,uncapped,9,9,1.0,0,6,6,1,1,1.0,
three_way_join_003,three_way_join,,3,12,3,0.25,1,9,2,0,0,0.2222222222222222,"t1,t2,t3,t4,t5,t7,t10"
three_way_join_003,three_way_join,,5,12,5,0.4166666666666667,1,9,4,0,0,0.4444444444444444,"t1,t2,t3,t5,t7"
three_way_join_003,three_way_join,,10,12,10,0.8333333333333334,1,9,8,1,0,0.8888888888888888,t5
three_way_join_003,three_way_join,,15,12,12,1.0,0,9,9,1,1,1.0,
three_way_join_003,three_way_join,,20,12,12,1.0,0,9,9,1,1,1.0,
three_way_join_003,three_way_join,,uncapped,12,12,1.0,0,9,9,1,1,1.0,
three_way_join_004,three_way_join,,3,12,3,0.25,1,9,3,0,0,0.3333333333333333,"t1,t2,t3,t4,t6,t7"
three_way_join_004,three_way_join,,5,12,5,0.4166666666666667,1,9,3,0,0,0.3333333333333333,"t1,t2,t3,t4,t6,t7"
three_way_join_004,three_way_join,,10,12,10,0.8333333333333334,1,9,7,1,0,0.7777777777777778,"t6,t7"
three_way_join_004,three_way_join,,15,12,10,0.8333333333333334,0,9,7,1,0,0.7777777777777778,"t6,t7"
three_way_join_004,three_way_join,,20,12,10,0.8333333333333334,0,9,7,1,0,0.7777777777777778,"t6,t7"
three_way_join_004,three_way_join,,uncapped,12,10,0.8333333333333334,0,9,7,1,0,0.7777777777777778,"t6,t7"
three_way_join_005,three_way_join,,3,10,3,0.3,1,7,2,0,0,0.2857142857142857,"t1,t2,t3,t4,t5"
three_way_join_005,three_way_join,,5,10,5,0.5,1,7,4,0,0,0.5714285714285714,"t2,t3,t4"
three_way_join_005,three_way_join,,10,10,10,1.0,0,7,7,1,1,1.0,
three_way_join_005,three_way_join,,15,10,10,1.0,0,7,7,1,1,1.0,
three_way_join_005,three_way_join,,20,10,10,1.0,0,7,7,1,1,1.0,
three_way_join_005,three_way_join,,uncapped,10,10,1.0,0,7,7,1,1,1.0,
three_way_join_006,three_way_join,,3,8,3,0.375,1,7,2,0,0,0.2857142857142857,"t1,t2,t3,t4,t6"
three_way_join_006,three_way_join,,5,8,5,0.625,1,7,4,0,0,0.5714285714285714,"t1,t2,t4"
three_way_join_006,three_way_join,,10,8,8,1.0,0,7,7,1,1,1.0,
three_way_join_006,three_way_join,,15,8,8,1.0,0,7,7,1,1,1.0,
three_way_join_006,three_way_join,,20,8,8,1.0,0,7,7,1,1,1.0,
three_way_join_006,three_way_join,,uncapped,8,8,1.0,0,7,7,1,1,1.0,
three_way_join_007,three_way_join,,3,9,3,0.3333333333333333,1,8,3,0,0,0.375,"t1,t2,t3,t4,t8"
three_way_join_007,three_way_join,,5,9,5,0.5555555555555556,1,8,4,0,0,0.5,"t1,t2,t3,t4"
three_way_join_007,three_way_join,,10,9,9,1.0,0,8,8,1,1,1.0,
three_way_join_007,three_way_join,,15,9,9,1.0,0,8,8,1,1,1.0,
three_way_join_007,three_way_join,,20,9,9,1.0,0,8,8,1,1,1.0,
three_way_join_007,three_way_join,,uncapped,9,9,1.0,0,8,8,1,1,1.0,
three_way_join_008,three_way_join,,3,9,3,0.3333333333333333,1,7,3,0,0,0.42857142857142855,"t2,t4,t8,t9"
three_way_join_008,three_way_join,,5,9,5,0.5555555555555556,1,7,5,0,0,0.7142857142857143,"t2,t4"
three_way_join_008,three_way_join,,10,9,9,1.0,0,7,7,1,1,1.0,
three_way_join_008,three_way_join,,15,9,9,1.0,0,7,7,1,1,1.0,
three_way_join_008,three_way_join,,20,9,9,1.0,0,7,7,1,1,1.0,
three_way_join_008,three_way_join,,uncapped,9,9,1.0,0,7,7,1,1,1.0,
topic_fork_001,topic_fork,,3,5,3,0.6,1,4,3,0,0,0.75,t1
topic_fork_001,topic_fork,,5,5,5,1.0,0,4,4,1,1,1.0,
topic_fork_001,topic_fork,,10,5,5,1.0,0,4,4,1,1,1.0,
topic_fork_001,topic_fork,,15,5,5,1.0,0,4,4,1,1,1.0,
topic_fork_001,topic_fork,,20,5,5,1.0,0,4,4,1,1,1.0,
topic_fork_001,topic_fork,,uncapped,5,5,1.0,0,4,4,1,1,1.0,
topic_fork_002,topic_fork,,3,6,3,0.5,1,4,3,0,0,0.75,t1
topic_fork_002,topic_fork,,5,6,5,0.8333333333333334,1,4,3,1,0,0.75,t1
topic_fork_002,topic_fork,,10,6,6,1.0,0,4,4,1,1,1.0,
topic_fork_002,topic_fork,,15,6,6,1.0,0,4,4,1,1,1.0,
topic_fork_002,topic_fork,,20,6,6,1.0,0,4,4,1,1,1.0,
topic_fork_002,topic_fork,,uncapped,6,6,1.0,0,4,4,1,1,1.0,
topic_fork_003,topic_fork,,3,8,3,0.375,1,5,2,0,0,0.4,"t1,t2,t3"
topic_fork_003,topic_fork,,5,8,5,0.625,1,5,3,1,0,0.6,"t1,t2"
topic_fork_003,topic_fork,,10,8,8,1.0,0,5,5,1,1,1.0,
topic_fork_003,topic_fork,,15,8,8,1.0,0,5,5,1,1,1.0,
topic_fork_003,topic_fork,,20,8,8,1.0,0,5,5,1,1,1.0,
topic_fork_003,topic_fork,,uncapped,8,8,1.0,0,5,5,1,1,1.0,
topic_fork_004,topic_fork,,3,7,3,0.42857142857142855,1,4,1,0,0,0.25,"t1,t2,t3"
topic_fork_004,topic_fork,,5,7,5,0.7142857142857143,1,4,2,1,0,0.5,"t1,t3"
topic_fork_004,topic_fork,,10,7,7,1.0,0,4,4,1,1,1.0,
topic_fork_004,topic_fork,,15,7,7,1.0,0,4,4,1,1,1.0,
topic_fork_004,topic_fork,,20,7,7,1.0,0,4,4,1,1,1.0,
topic_fork_004,topic_fork,,uncapped,7,7,1.0,0,4,4,1,1,1.0,
topic_fork_005,topic_fork,,3,7,3,0.42857142857142855,1,5,3,0,0,0.6,"t1,t2"
topic_fork_005,topic_fork,,5,7,5,0.7142857142857143,1,5,4,1,0,0.8,t1
topic_fork_005,topic_fork,,10,7,7,1.0,0,5,5,1,1,1.0,
topic_fork_005,topic_fork,,15,7,7,1.0,0,5,5,1,1,1.0,
topic_fork_005,topic_fork,,20,7,7,1.0,0,5,5,1,1,1.0,
topic_fork_005,topic_fork,,uncapped,7,7,1.0,0,5,5,1,1,1.0,
topic_fork_006,topic_fork,,3,6,3,0.5,1,5,2,0,0,0.4,"t1,t3,t4"
topic_fork_006,topic_fork,,5,6,5,0.8333333333333334,1,5,4,1,0,0.8,t1
topic_fork_006,topic_fork,,10,6,6,1.0,0,5,5,1,1,1.0,
topic_fork_006,topic_fork,,15,6,6,1.0,0,5,5,1,1,1.0,
topic_fork_006,topic_fork,,20,6,6,1.0,0,5,5,1,1,1.0,
topic_fork_006,topic_fork,,uncapped,6,6,1.0,0,5,5,1,1,1.0,
topic_fork_007,topic_fork,,3,7,3,0.42857142857142855,1,5,3,0,0,0.6,"t1,t2"
topic_fork_007,topic_fork,,5,7,5,0.7142857142857143,1,5,4,1,0,0.8,t1
topic_fork_007,topic_fork,,10,7,7,1.0,0,5,5,1,1,1.0,
topic_fork_007,topic_fork,,15,7,7,1.0,0,5,5,1,1,1.0,
topic_fork_007,topic_fork,,20,7,7,1.0,0,5,5,1,1,1.0,
topic_fork_007,topic_fork,,uncapped,7,7,1.0,0,5,5,1,1,1.0,
topic_fork_008,topic_fork,,3,8,3,0.375,1,5,1,0,0,0.2,"t1,t2,t3,t4"
topic_fork_008,topic_fork,,5,8,5,0.625,1,5,2,1,0,0.4,"t1,t2,t3"
topic_fork_008,topic_fork,,10,8,8,1.0,0,5,5,1,1,1.0,
topic_fork_008,topic_fork,,15,8,8,1.0,0,5,5,1,1,1.0,
topic_fork_008,topic_fork,,20,8,8,1.0,0,5,5,1,1,1.0,
topic_fork_008,topic_fork,,uncapped,8,8,1.0,0,5,5,1,1,1.0,
topic_fork_009,topic_fork,,3,7,3,0.42857142857142855,1,5,3,0,0,0.6,"t1,t2"
topic_fork_009,topic_fork,,5,7,5,0.7142857142857143,1,5,4,1,0,0.8,t1
topic_fork_009,topic_fork,,10,7,7,1.0,0,5,5,1,1,1.0,
topic_fork_009,topic_fork,,15,7,7,1.0,0,5,5,1,1,1.0,
topic_fork_009,topic_fork,,20,7,7,1.0,0,5,5,1,1,1.0,
topic_fork_009,topic_fork,,uncapped,7,7,1.0,0,5,5,1,1,1.0,
topic_fork_010,topic_fork,,3,7,3,0.42857142857142855,1,4,2,0,0,0.5,"t1,t2"
topic_fork_010,topic_fork,,5,7,5,0.7142857142857143,1,4,3,1,0,0.75,t1
topic_fork_010,topic_fork,,10,7,7,1.0,0,4,4,1,1,1.0,
topic_fork_010,topic_fork,,15,7,7,1.0,0,4,4,1,1,1.0,
topic_fork_010,topic_fork,,20,7,7,1.0,0,4,4,1,1,1.0,
topic_fork_010,topic_fork,,uncapped,7,7,1.0,0,4,4,1,1,1.0,
two_branch_join_001,two_branch_join,,3,7,3,0.42857142857142855,1,6,3,0,0,0.5,"t1,t2,t7"
two_branch_join_001,two_branch_join,,5,7,5,0.7142857142857143,1,6,4,0,0,0.6666666666666666,"t1,t2"
two_branch_join_001,two_branch_join,,10,7,7,1.0,0,6,6,1,1,1.0,
two_branch_join_001,two_branch_join,,15,7,7,1.0,0,6,6,1,1,1.0,
two_branch_join_001,two_branch_join,,20,7,7,1.0,0,6,6,1,1,1.0,
two_branch_join_001,two_branch_join,,uncapped,7,7,1.0,0,6,6,1,1,1.0,
two_branch_join_002,two_branch_join,,3,6,3,0.5,1,6,3,0,0,0.5,"t1,t2,t4"
two_branch_join_002,two_branch_join,,5,6,5,0.8333333333333334,1,6,5,0,0,0.8333333333333334,t1
two_branch_join_002,two_branch_join,,10,6,6,1.0,0,6,6,1,1,1.0,
two_branch_join_002,two_branch_join,,15,6,6,1.0,0,6,6,1,1,1.0,
two_branch_join_002,two_branch_join,,20,6,6,1.0,0,6,6,1,1,1.0,
two_branch_join_002,two_branch_join,,uncapped,6,6,1.0,0,6,6,1,1,1.0,
two_branch_join_003,two_branch_join,,3,9,3,0.3333333333333333,1,6,2,0,0,0.3333333333333333,"t1,t2,t3,t7"
two_branch_join_003,two_branch_join,,5,9,5,0.5555555555555556,1,6,3,0,0,0.5,"t1,t2,t3"
two_branch_join_003,two_branch_join,,10,9,9,1.0,0,6,6,1,1,1.0,
two_branch_join_003,two_branch_join,,15,9,9,1.0,0,6,6,1,1,1.0,
two_branch_join_003,two_branch_join,,20,9,9,1.0,0,6,6,1,1,1.0,
two_branch_join_003,two_branch_join,,uncapped,9,9,1.0,0,6,6,1,1,1.0,
two_branch_join_004,two_branch_join,,3,7,3,0.42857142857142855,1,6,3,0,0,0.5,"t1,t2,t4"
two_branch_join_004,two_branch_join,,5,7,5,0.7142857142857143,1,6,4,0,0,0.6666666666666666,"t1,t2"
two_branch_join_004,two_branch_join,,10,7,7,1.0,0,6,6,1,1,1.0,
two_branch_join_004,two_branch_join,,15,7,7,1.0,0,6,6,1,1,1.0,
two_branch_join_004,two_branch_join,,20,7,7,1.0,0,6,6,1,1,1.0,
two_branch_join_004,two_branch_join,,uncapped,7,7,1.0,0,6,6,1,1,1.0,
two_branch_join_005,two_branch_join,,3,8,3,0.375,1,6,3,0,0,0.5,"t1,t2,t4"
two_branch_join_005,two_branch_join,,5,8,5,0.625,1,6,5,0,0,0.8333333333333334,t1
two_branch_join_005,two_branch_join,,10,8,8,1.0,0,6,6,1,1,1.0,
two_branch_join_005,two_branch_join,,15,8,8,1.0,0,6,6,1,1,1.0,
two_branch_join_005,two_branch_join,,20,8,8,1.0,0,6,6,1,1,1.0,
two_branch_join_005,two_branch_join,,uncapped,8,8,1.0,0,6,6,1,1,1.0,
two_branch_join_006,two_branch_join,,3,8,3,0.375,1,6,3,0,0,0.5,"t1,t2,t3"
two_branch_join_006,two_branch_join,,5,8,5,0.625,1,6,4,0,0,0.6666666666666666,"t2,t3"
two_branch_join_006,two_branch_join,,10,8,8,1.0,0,6,6,1,1,1.0,
two_branch_join_006,two_branch_join,,15,8,8,1.0,0,6,6,1,1,1.0,
two_branch_join_006,two_branch_join,,20,8,8,1.0,0,6,6,1,1,1.0,
two_branch_join_006,two_branch_join,,uncapped,8,8,1.0,0,6,6,1,1,1.0,
two_branch_join_007,two_branch_join,,3,10,3,0.3,1,8,3,0,0,0.375,"t1,t2,t3,t6,t8"
two_branch_join_007,two_branch_join,,5,10,5,0.5,1,8,5,0,0,0.625,"t1,t2,t3"
two_branch_join_007,two_branch_join,,10,10,10,1.0,0,8,8,1,1,1.0,
two_branch_join_007,two_branch_join,,15,10,10,1.0,0,8,8,1,1,1.0,
two_branch_join_007,two_branch_join,,20,10,10,1.0,0,8,8,1,1,1.0,
two_branch_join_007,two_branch_join,,uncapped,10,10,1.0,0,8,8,1,1,1.0,
two_branch_join_008,two_branch_join,,3,5,3,0.6,1,4,2,0,0,0.5,"t1,t3"
two_branch_join_008,two_branch_join,,5,5,5,1.0,0,4,4,1,1,1.0,
two_branch_join_008,two_branch_join,,10,5,5,1.0,0,4,4,1,1,1.0,
two_branch_join_008,two_branch_join,,15,5,5,1.0,0,4,4,1,1,1.0,
two_branch_join_008,two_branch_join,,20,5,5,1.0,0,4,4,1,1,1.0,
two_branch_join_008,two_branch_join,,uncapped,5,5,1.0,0,4,4,1,1,1.0,
two_branch_join_009,two_branch_join,,3,8,3,0.375,1,6,3,0,0,0.5,"t1,t3,t5"
two_branch_join_009,two_branch_join,,5,8,5,0.625,1,6,4,0,0,0.6666666666666666,"t1,t3"
two_branch_join_009,two_branch_join,,10,8,8,1.0,0,6,6,1,1,1.0,
two_branch_join_009,two_branch_join,,15,8,8,1.0,0,6,6,1,1,1.0,
two_branch_join_009,two_branch_join,,20,8,8,1.0,0,6,6,1,1,1.0,
two_branch_join_009,two_branch_join,,uncapped,8,8,1.0,0,6,6,1,1,1.0,
two_branch_join_010,two_branch_join,,3,6,3,0.5,1,4,2,0,0,0.5,"t1,t4"
two_branch_join_010,two_branch_join,,5,6,5,0.8333333333333334,1,4,4,1,1,1.0,
two_branch_join_010,two_branch_join,,10,6,6,1.0,0,4,4,1,1,1.0,
two_branch_join_010,two_branch_join,,15,6,6,1.0,0,4,4,1,1,1.0,
two_branch_join_010,two_branch_join,,20,6,6,1.0,0,4,4,1,1,1.0,
two_branch_join_010,two_branch_join,,uncapped,6,6,1.0,0,4,4,1,1,1.0,
two_branch_join_011,two_branch_join,,3,8,3,0.375,1,5,3,0,0,0.6,"t1,t4"
two_branch_join_011,two_branch_join,,5,8,5,0.625,1,5,4,1,0,0.8,t1
two_branch_join_011,two_branch_join,,10,8,8,1.0,0,5,5,1,1,1.0,
two_branch_join_011,two_branch_join,,15,8,8,1.0,0,5,5,1,1,1.0,
two_branch_join_011,two_branch_join,,20,8,8,1.0,0,5,5,1,1,1.0,
two_branch_join_011,two_branch_join,,uncapped,8,8,1.0,0,5,5,1,1,1.0,
two_branch_join_012,two_branch_join,,3,8,3,0.375,1,6,3,0,0,0.5,"t1,t2,t4"
two_branch_join_012,two_branch_join,,5,8,5,0.625,1,6,4,0,0,0.6666666666666666,"t1,t2"
two_branch_join_012,two_branch_join,,10,8,8,1.0,0,6,6,1,1,1.0,
two_branch_join_012,two_branch_join,,15,8,8,1.0,0,6,6,1,1,1.0,
two_branch_join_012,two_branch_join,,20,8,8,1.0,0,6,6,1,1,1.0,
two_branch_join_012,two_branch_join,,uncapped,8,8,1.0,0,6,6,1,1,1.0,
two_branch_join_013,two_branch_join,,3,7,3,0.42857142857142855,1,6,3,0,0,0.5,"t1,t2,t5"
two_branch_join_013,two_branch_join,,5,7,5,0.7142857142857143,1,6,4,0,0,0.6666666666666666,"t1,t2"
two_branch_join_013,two_branch_join,,10,7,7,1.0,0,6,6,1,1,1.0,
two_branch_join_013,two_branch_join,,15,7,7,1.0,0,6,6,1,1,1.0,
two_branch_join_013,two_branch_join,,20,7,7,1.0,0,6,6,1,1,1.0,
two_branch_join_013,two_branch_join,,uncapped,7,7,1.0,0,6,6,1,1,1.0,
two_branch_join_014,two_branch_join,,3,7,3,0.42857142857142855,1,4,3,0,0,0.75,t1
two_branch_join_014,two_branch_join,,5,7,5,0.7142857142857143,1,4,3,1,0,0.75,t1
two_branch_join_014,two_branch_join,,10,7,7,1.0,0,4,4,1,1,1.0,
two_branch_join_014,two_branch_join,,15,7,7,1.0,0,4,4,1,1,1.0,
two_branch_join_014,two_branch_join,,20,7,7,1.0,0,4,4,1,1,1.0,
two_branch_join_014,two_branch_join,,uncapped,7,7,1.0,0,4,4,1,1,1.0,
two_branch_join_015,two_branch_join,,3,7,3,0.42857142857142855,1,5,2,0,0,0.4,"t1,t3,t5"
two_branch_join_015,two_branch_join,,5,7,5,0.7142857142857143,1,5,4,1,0,0.8,t3
two_branch_join_015,two_branch_join,,10,7,7,1.0,0,5,5,1,1,1.0,
two_branch_join_015,two_branch_join,,15,7,7,1.0,0,5,5,1,1,1.0,
two_branch_join_015,two_branch_join,,20,7,7,1.0,0,5,5,1,1,1.0,
two_branch_join_015,two_branch_join,,uncapped,7,7,1.0,0,5,5,1,1,1.0,
