model,judge,a,b,n,families,q_diff,q_ci_low,q_ci_high,p_noninferior,noninferior_ci,tok_diff,tok_diff_ci_low,tok_diff_ci_high,tok_ratio,tok_ratio_ci_low,tok_ratio_ci_high,confirmatory,direction,p_holm,noninferior_holm
response_a,opus,candidate_oracle@15,semantic_retrieval@1024,145,all,0.0184,-0.0132,0.0523,0.0011,True,-420.8483,-462.021,-379.2893,0.5288,0.4854,0.5727,True,reference_vs_baseline,0.0022,True
response_a,opus,candidate_oracle@15,semantic_retrieval@2048,145,all,0.0069,-0.0241,0.0402,0.0103,True,-715.5241,-813.8353,-620.7445,0.3976,0.3518,0.4467,True,reference_vs_baseline,0.0103,True
response_a,opus,candidate_oracle@15,rolling_summary@1024,145,all,0.0286,-0.0052,0.0636,0.0002,True,-522.8621,-575.614,-470.9426,0.4746,0.4328,0.5179,True,reference_vs_baseline,0.0006,True
response_a,opus,candidate_oracle@15,rolling_summary@2048,145,all,0.0407,0.008,0.0749,0.0,True,-764.6138,-876.5452,-655.7233,0.3819,0.3359,0.433,True,reference_vs_baseline,0.0,True
response_a,opus,candidate_oracle@15,full_history,145,all,0.0305,-0.0034,0.0655,0.0,True,-1035.4,-1246.7593,-828.6131,0.3133,0.2639,0.374,False,reference_vs_baseline,,
response_a,opus,candidate_oracle@15,sliding_window@1024,145,all,0.2016,0.1415,0.2633,0.0,True,-411.931,-454.3393,-370.3226,0.5342,0.4893,0.5789,False,reference_vs_baseline,,
response_a,opus,candidate_oracle@15,sliding_window@2048,145,all,0.1585,0.1045,0.2147,0.0,True,-711.1724,-810.3912,-616.7507,0.3991,0.3532,0.4487,False,reference_vs_baseline,,
response_a,opus,semantic_retrieval@1024,candidate_oracle@15,145,all,-0.0184,-0.0517,0.0132,0.2313,False,420.8483,378.7447,461.9683,1.891,1.7437,2.0593,False,baseline_vs_reference,,
response_a,opus,semantic_retrieval@2048,candidate_oracle@15,145,all,-0.0069,-0.0397,0.0247,0.0788,False,715.5241,619.9026,813.2422,2.5149,2.2339,2.8368,False,baseline_vs_reference,,
response_a,opus,rolling_summary@1024,candidate_oracle@15,145,all,-0.0286,-0.0629,0.0041,0.4703,False,522.8621,470.565,577.5795,2.107,1.9309,2.3196,False,baseline_vs_reference,,
response_a,opus,rolling_summary@2048,candidate_oracle@15,145,all,-0.0407,-0.0746,-0.008,0.7274,False,764.6138,658.1422,876.1431,2.6188,2.312,2.9774,False,baseline_vs_reference,,
response_a,opus,candidate_oracle@10,semantic_retrieval@1024,145,all,0.0184,-0.0138,0.0517,0.0011,True,-384.669,-439.3948,-321.9167,0.5693,0.5096,0.6399,False,reference_vs_baseline,,
response_a,opus,candidate_oracle@10,semantic_retrieval@2048,145,all,0.0069,-0.0241,0.0402,0.0105,True,-679.3448,-778.4288,-584.3238,0.4281,0.3739,0.4863,False,reference_vs_baseline,,
response_a,opus,candidate_oracle@10,rolling_summary@1024,145,all,0.0286,-0.0046,0.0641,0.0003,True,-486.6828,-549.6924,-418.241,0.511,0.4544,0.5762,False,reference_vs_baseline,,
response_a,opus,candidate_oracle@10,rolling_summary@2048,145,all,0.0407,0.0086,0.0752,0.0,True,-728.4345,-839.7119,-620.2724,0.4111,0.3577,0.4711,False,reference_vs_baseline,,
response_a,opus,candidate_oracle@10,full_history,145,all,0.0305,-0.0029,0.0655,0.0001,True,-999.2207,-1225.0783,-799.3095,0.3373,0.2801,0.4028,False,reference_vs_baseline,,
response_a,opus,candidate_oracle@10,sliding_window@1024,145,all,0.2016,0.1431,0.2636,0.0,True,-375.7517,-430.5003,-313.3229,0.5751,0.5149,0.6447,False,reference_vs_baseline,,
response_a,opus,candidate_oracle@10,sliding_window@2048,145,all,0.1585,0.1046,0.2163,0.0,True,-674.9931,-775.4103,-580.7584,0.4297,0.3745,0.4889,False,reference_vs_baseline,,
response_a,opus,candidate_oracle@5,semantic_retrieval@1024,145,all,0.0011,-0.0276,0.0316,0.0176,True,155.7862,25.7029,298.0145,1.1744,1.0292,1.3313,False,reference_vs_baseline,,
response_a,opus,candidate_oracle@5,semantic_retrieval@2048,145,all,-0.0103,-0.0362,0.0167,0.065,False,-138.8897,-253.3028,-19.3695,0.8831,0.7859,0.984,False,reference_vs_baseline,,
response_a,opus,candidate_oracle@5,rolling_summary@1024,145,all,0.0114,-0.0197,0.0441,0.0043,True,53.7724,-68.5034,187.7534,1.054,0.9302,1.1868,False,reference_vs_baseline,,
response_a,opus,candidate_oracle@5,rolling_summary@2048,145,all,0.0234,-0.0025,0.0515,0.0,True,-187.9793,-301.2974,-72.7203,0.848,0.7572,0.9408,False,reference_vs_baseline,,
response_a,opus,candidate_oracle@5,full_history,145,all,0.0132,-0.0052,0.0351,0.0,True,-458.7655,-661.6819,-276.6781,0.6957,0.5976,0.8012,False,reference_vs_baseline,,
response_a,opus,candidate_oracle@5,sliding_window@1024,145,all,0.1844,0.1299,0.2411,0.0,True,164.7034,32.2059,305.86,1.1863,1.0368,1.3444,False,reference_vs_baseline,,
response_a,opus,candidate_oracle@5,sliding_window@2048,145,all,0.1413,0.0908,0.1948,0.0,True,-134.5379,-248.1612,-18.3022,0.8863,0.791,0.9847,False,reference_vs_baseline,,
response_a,opus,oracle_dag,semantic_retrieval@1024,145,all,0.0144,-0.0184,0.0483,0.0048,True,-422.2966,-463.8417,-379.965,0.5272,0.4834,0.5717,False,reference_vs_baseline,,
response_a,opus,oracle_dag,semantic_retrieval@2048,145,all,0.0029,-0.0293,0.0351,0.0232,True,-716.9724,-812.366,-623.7222,0.3964,0.3516,0.4442,False,reference_vs_baseline,,
response_a,opus,oracle_dag,rolling_summary@1024,145,all,0.0246,-0.0093,0.0602,0.0007,True,-524.3103,-577.835,-471.8617,0.4732,0.4301,0.5171,False,reference_vs_baseline,,
response_a,opus,oracle_dag,rolling_summary@2048,145,all,0.0367,0.0032,0.0716,0.0,True,-766.0621,-878.6429,-657.7445,0.3807,0.3349,0.4318,False,reference_vs_baseline,,
response_a,opus,oracle_dag,full_history,145,all,0.0264,-0.008,0.0609,0.0006,True,-1036.8483,-1251.2502,-832.244,0.3123,0.2637,0.3715,False,reference_vs_baseline,,
response_a,opus,oracle_dag,sliding_window@1024,145,all,0.1976,0.1382,0.2584,0.0,True,-413.3793,-455.3453,-371.5581,0.5325,0.4881,0.5774,False,reference_vs_baseline,,
response_a,opus,oracle_dag,sliding_window@2048,145,all,0.1545,0.0948,0.2148,0.0,True,-712.6207,-807.9828,-619.2462,0.3979,0.3531,0.4466,False,reference_vs_baseline,,
response_b,opus,candidate_oracle@15,semantic_retrieval@1024,145,all,0.0374,-0.0029,0.0782,0.0007,True,-420.8483,-462.4484,-378.8481,0.5288,0.4847,0.5736,True,reference_vs_baseline,0.0028,True
response_b,opus,candidate_oracle@15,semantic_retrieval@2048,145,all,0.023,-0.0167,0.0655,0.0047,True,-715.5241,-816.0238,-621.0131,0.3976,0.3515,0.4475,True,reference_vs_baseline,0.0047,True
response_b,opus,candidate_oracle@15,rolling_summary@1024,145,all,0.0293,-0.0115,0.0718,0.0023,True,-515.2621,-567.9457,-461.8272,0.4783,0.4356,0.5234,True,reference_vs_baseline,0.0046,True
response_b,opus,candidate_oracle@15,rolling_summary@2048,145,all,0.0316,-0.0086,0.0719,0.0013,True,-762.2069,-873.0091,-651.9512,0.3826,0.3373,0.4344,True,reference_vs_baseline,0.0039,True
response_b,opus,candidate_oracle@15,full_history,145,all,0.031,-0.0103,0.0718,0.0015,True,-1035.4,-1252.2874,-829.8795,0.3133,0.2636,0.3734,False,reference_vs_baseline,,
response_b,opus,candidate_oracle@15,sliding_window@1024,145,all,0.2167,0.1523,0.2833,0.0,True,-411.931,-454.525,-369.9366,0.5342,0.4887,0.5794,False,reference_vs_baseline,,
response_b,opus,candidate_oracle@15,sliding_window@2048,145,all,0.1741,0.1126,0.2391,0.0,True,-711.1724,-808.6095,-618.255,0.3991,0.3542,0.4478,False,reference_vs_baseline,,
response_b,opus,semantic_retrieval@1024,candidate_oracle@15,145,all,-0.0374,-0.0782,0.0029,0.6372,False,420.8483,378.785,462.0569,1.891,1.7451,2.0599,False,baseline_vs_reference,,
response_b,opus,semantic_retrieval@2048,candidate_oracle@15,145,all,-0.023,-0.0644,0.0173,0.3575,False,715.5241,621.1309,812.8219,2.5149,2.2379,2.837,False,baseline_vs_reference,,
response_b,opus,rolling_summary@1024,candidate_oracle@15,145,all,-0.0293,-0.0707,0.0126,0.4733,False,515.2621,463.381,567.1048,2.0909,1.9139,2.2967,False,baseline_vs_reference,,
response_b,opus,rolling_summary@2048,candidate_oracle@15,145,all,-0.0316,-0.073,0.008,0.5244,False,762.2069,654.0067,876.8574,2.6137,2.3062,2.9747,False,baseline_vs_reference,,
response_b,opus,candidate_oracle@10,semantic_retrieval@1024,145,all,0.0356,-0.0052,0.0764,0.0012,True,-384.669,-440.194,-323.5924,0.5693,0.5088,0.637,False,reference_vs_baseline,,
response_b,opus,candidate_oracle@10,semantic_retrieval@2048,145,all,0.0213,-0.0207,0.0615,0.0083,True,-679.3448,-779.2841,-583.819,0.4281,0.3732,0.4878,False,reference_vs_baseline,,
response_b,opus,candidate_oracle@10,rolling_summary@1024,145,all,0.0276,-0.0132,0.0695,0.003,True,-479.0828,-542.4972,-411.8871,0.5149,0.4577,0.5795,False,reference_vs_baseline,,
response_b,opus,candidate_oracle@10,rolling_summary@2048,145,all,0.0299,-0.0103,0.0707,0.0018,True,-726.0276,-837.619,-617.0129,0.4119,0.3593,0.4721,False,reference_vs_baseline,,
response_b,opus,candidate_oracle@10,full_history,145,all,0.0293,-0.0115,0.0701,0.0021,True,-999.2207,-1216.5659,-794.5676,0.3373,0.2816,0.4053,False,reference_vs_baseline,,
response_b,opus,candidate_oracle@10,sliding_window@1024,145,all,0.2149,0.15,0.2793,0.0,True,-375.7517,-432.1122,-314.2274,0.5751,0.5129,0.6448,False,reference_vs_baseline,,
response_b,opus,candidate_oracle@10,sliding_window@2048,145,all,0.1724,0.1115,0.2379,0.0,True,-674.9931,-775.1486,-579.8536,0.4297,0.3761,0.4877,False,reference_vs_baseline,,
response_b,opus,candidate_oracle@5,semantic_retrieval@1024,145,all,0.0385,0.0011,0.0759,0.0003,True,155.7862,22.54,298.5843,1.1744,1.0251,1.3318,False,reference_vs_baseline,,
response_b,opus,candidate_oracle@5,semantic_retrieval@2048,145,all,0.0241,-0.0092,0.058,0.0003,True,-138.8897,-253.1245,-23.4871,0.8831,0.7853,0.9803,False,reference_vs_baseline,,
response_b,opus,candidate_oracle@5,rolling_summary@1024,145,all,0.0305,-0.0046,0.0661,0.0005,True,61.3724,-65.8759,196.3847,1.0621,0.9333,1.1967,False,reference_vs_baseline,,
response_b,opus,candidate_oracle@5,rolling_summary@2048,145,all,0.0328,0.0006,0.0661,0.0001,True,-185.5724,-300.6421,-69.1066,0.8497,0.7577,0.9441,False,reference_vs_baseline,,
response_b,opus,candidate_oracle@5,full_history,145,all,0.0322,0.0029,0.0638,0.0,True,-458.7655,-661.4807,-280.35,0.6957,0.5967,0.7993,False,reference_vs_baseline,,
response_b,opus,candidate_oracle@5,sliding_window@1024,145,all,0.2178,0.1586,0.2776,0.0,True,164.7034,36.194,308.4614,1.1863,1.0409,1.3471,False,reference_vs_baseline,,
response_b,opus,candidate_oracle@5,sliding_window@2048,145,all,0.1753,0.1195,0.2345,0.0,True,-134.5379,-248.2981,-16.9093,0.8863,0.7896,0.9858,False,reference_vs_baseline,,
response_b,opus,oracle_dag,semantic_retrieval@1024,145,all,0.0324,-0.0075,0.0753,0.0017,True,-422.2966,-463.7314,-380.9102,0.5272,0.4835,0.5714,False,reference_vs_baseline,,
response_b,opus,oracle_dag,semantic_retrieval@2048,145,all,0.018,-0.0213,0.0585,0.008,True,-716.9724,-814.3671,-623.5929,0.3964,0.3518,0.4452,False,reference_vs_baseline,,
response_b,opus,oracle_dag,rolling_summary@1024,145,all,0.0244,-0.0176,0.0667,0.0058,True,-516.7103,-568.8695,-462.8714,0.4768,0.4341,0.5221,False,reference_vs_baseline,,
response_b,opus,oracle_dag,rolling_summary@2048,145,all,0.0267,-0.0124,0.0672,0.0018,True,-763.6552,-875.7314,-656.3498,0.3814,0.3355,0.4313,False,reference_vs_baseline,,
response_b,opus,oracle_dag,full_history,145,all,0.0261,-0.0136,0.0666,0.0031,True,-1036.8483,-1259.851,-836.31,0.3123,0.2616,0.3707,False,reference_vs_baseline,,
response_b,opus,oracle_dag,sliding_window@1024,145,all,0.2117,0.1487,0.2746,0.0,True,-413.3793,-455.4624,-372.3019,0.5325,0.4874,0.5774,False,reference_vs_baseline,,
response_b,opus,oracle_dag,sliding_window@2048,145,all,0.1692,0.1077,0.2307,0.0,True,-712.6207,-808.1817,-619.6409,0.3979,0.3533,0.4471,False,reference_vs_baseline,,
response_c,opus,candidate_oracle@15,full_history,145,all,0.0305,0.0011,0.0609,0.0,True,-1035.4,-1261.0295,-834.2414,0.3133,0.2632,0.3714,False,reference_vs_baseline,,
response_c,opus,oracle_dag,full_history,145,all,0.0236,-0.0075,0.0557,0.0001,True,-1036.8483,-1261.4098,-830.0731,0.3123,0.2607,0.3712,False,reference_vs_baseline,,
pooled,opus,candidate_oracle@15,semantic_retrieval@1024,145,all,0.041,0.0134,0.0701,0.0,True,-420.8483,-462.6695,-378.371,0.5288,0.4849,0.5739,False,pooled,,
pooled,opus,candidate_oracle@15,semantic_retrieval@2048,145,all,0.0281,0.0013,0.0564,0.0,True,-715.5241,-814.87,-622.2257,0.3976,0.3519,0.4473,False,pooled,,
pooled,opus,candidate_oracle@15,rolling_summary@1024,145,all,0.0421,0.0149,0.0717,0.0,True,-522.9701,-575.9431,-468.3309,0.4746,0.4323,0.5196,False,pooled,,
pooled,opus,candidate_oracle@15,rolling_summary@2048,145,all,0.0493,0.0233,0.0782,0.0,True,-765.5379,-877.0877,-655.8778,0.3816,0.3354,0.4323,False,pooled,,
response_a,llama,candidate_oracle@15,semantic_retrieval@1024,145,all,0.0023,-0.0316,0.0362,0.0298,False,-420.8483,-462.2497,-378.6617,0.5288,0.4846,0.5736,False,reference_vs_baseline,0.0298,True
response_a,llama,candidate_oracle@15,semantic_retrieval@2048,145,all,0.0132,-0.019,0.0466,0.005,True,-715.5241,-813.0902,-620.2317,0.3976,0.3522,0.4476,False,reference_vs_baseline,0.015,True
response_a,llama,candidate_oracle@15,rolling_summary@1024,145,all,0.012,-0.0238,0.0486,0.011,True,-522.8621,-576.7381,-469.4666,0.4746,0.4313,0.5196,False,reference_vs_baseline,0.022,True
response_a,llama,candidate_oracle@15,rolling_summary@2048,145,all,0.0177,-0.0145,0.052,0.0033,True,-764.6138,-876.875,-656.6709,0.3819,0.3355,0.4328,False,reference_vs_baseline,0.0132,True
response_a,llama,candidate_oracle@15,full_history,145,all,0.0144,-0.0196,0.0494,0.0051,True,-1035.4,-1256.1381,-826.9083,0.3133,0.2634,0.3742,False,reference_vs_baseline,,
response_a,llama,candidate_oracle@15,sliding_window@1024,145,all,0.178,0.1177,0.2401,0.0,True,-411.931,-453.9316,-369.6745,0.5342,0.4895,0.58,False,reference_vs_baseline,,
response_a,llama,candidate_oracle@15,sliding_window@2048,145,all,0.1234,0.069,0.1792,0.0,True,-711.1724,-808.0578,-618.5955,0.3991,0.3535,0.4484,False,reference_vs_baseline,,
response_a,llama,semantic_retrieval@1024,candidate_oracle@15,145,all,-0.0023,-0.0368,0.0316,0.0547,False,420.8483,379.5029,461.9741,1.891,1.7458,2.0627,False,baseline_vs_reference,,
response_a,llama,semantic_retrieval@2048,candidate_oracle@15,145,all,-0.0132,-0.046,0.019,0.1554,False,715.5241,619.8548,813.5043,2.5149,2.235,2.8363,False,baseline_vs_reference,,
response_a,llama,rolling_summary@1024,candidate_oracle@15,145,all,-0.012,-0.0492,0.0248,0.166,False,522.8621,469.0755,576.3733,2.107,1.926,2.3163,False,baseline_vs_reference,,
response_a,llama,rolling_summary@2048,candidate_oracle@15,145,all,-0.0177,-0.051,0.0161,0.2346,False,764.6138,658.7497,876.4388,2.6188,2.3149,2.9802,False,baseline_vs_reference,,
response_a,llama,oracle_dag,semantic_retrieval@1024,145,all,0.0017,-0.0282,0.0333,0.0174,True,-422.2966,-463.6781,-380.6343,0.5272,0.4832,0.5717,False,reference_vs_baseline,,
response_a,llama,oracle_dag,semantic_retrieval@2048,145,all,0.0126,-0.0195,0.0448,0.0041,True,-716.9724,-815.9543,-622.5428,0.3964,0.3511,0.445,False,reference_vs_baseline,,
response_a,llama,oracle_dag,rolling_summary@1024,145,all,0.0114,-0.0213,0.0459,0.0062,True,-524.3103,-578.78,-471.9581,0.4732,0.4302,0.5174,False,reference_vs_baseline,,
response_a,llama,oracle_dag,rolling_summary@2048,145,all,0.0171,-0.0138,0.0499,0.0014,True,-766.0621,-882.3105,-657.0545,0.3807,0.3337,0.4324,False,reference_vs_baseline,,
response_a,llama,oracle_dag,full_history,145,all,0.0138,-0.0184,0.0471,0.0031,True,-1036.8483,-1258.7557,-832.4024,0.3123,0.2631,0.3717,False,reference_vs_baseline,,
response_a,llama,oracle_dag,sliding_window@1024,145,all,0.1775,0.119,0.2389,0.0,True,-413.3793,-455.0831,-372.4621,0.5325,0.4885,0.5761,False,reference_vs_baseline,,
response_a,llama,oracle_dag,sliding_window@2048,145,all,0.1229,0.0694,0.1807,0.0,True,-712.6207,-807.8214,-617.24,0.3979,0.353,0.4478,False,reference_vs_baseline,,
response_b,llama,candidate_oracle@15,semantic_retrieval@1024,145,all,0.0176,-0.0206,0.0578,0.0086,True,-420.8483,-463.0829,-378.0824,0.5288,0.4843,0.5745,False,reference_vs_baseline,0.0344,True
response_b,llama,candidate_oracle@15,semantic_retrieval@2048,145,all,0.008,-0.0293,0.0466,0.0229,True,-715.5241,-812.265,-622.2524,0.3976,0.3529,0.4465,False,reference_vs_baseline,0.045,True
response_b,llama,candidate_oracle@15,rolling_summary@1024,145,all,0.0057,-0.0293,0.0431,0.0225,True,-515.2621,-568.3803,-462.3445,0.4783,0.4348,0.5223,False,reference_vs_baseline,0.045,True
response_b,llama,candidate_oracle@15,rolling_summary@2048,145,all,0.0144,-0.0224,0.0523,0.0093,True,-762.2069,-874.1216,-654.3841,0.3826,0.3368,0.4337,False,reference_vs_baseline,0.0344,True
response_b,llama,candidate_oracle@15,full_history,145,all,0.0207,-0.0167,0.0598,0.0042,True,-1035.4,-1254.4772,-833.5148,0.3133,0.2637,0.3735,False,reference_vs_baseline,,
response_b,llama,candidate_oracle@15,sliding_window@1024,145,all,0.1897,0.1305,0.2506,0.0,True,-411.931,-454.2897,-369.9929,0.5342,0.4884,0.5795,False,reference_vs_baseline,,
response_b,llama,candidate_oracle@15,sliding_window@2048,145,all,0.1351,0.0787,0.1943,0.0,True,-711.1724,-804.4636,-616.5529,0.3991,0.3549,0.4483,False,reference_vs_baseline,,
response_b,llama,semantic_retrieval@1024,candidate_oracle@15,145,all,-0.0176,-0.0572,0.0215,0.2666,False,420.8483,378.6616,463.5862,1.891,1.7424,2.0665,False,baseline_vs_reference,,
response_b,llama,semantic_retrieval@2048,candidate_oracle@15,145,all,-0.008,-0.0448,0.0287,0.1154,False,715.5241,623.089,814.6009,2.5149,2.2434,2.8437,False,baseline_vs_reference,,
response_b,llama,rolling_summary@1024,candidate_oracle@15,145,all,-0.0057,-0.0431,0.0299,0.0992,False,515.2621,462.2131,567.676,2.0909,1.9116,2.3034,False,baseline_vs_reference,,
response_b,llama,rolling_summary@2048,candidate_oracle@15,145,all,-0.0144,-0.0523,0.0224,0.2015,False,762.2069,654.9578,876.7271,2.6137,2.3065,2.9835,False,baseline_vs_reference,,
response_b,llama,oracle_dag,semantic_retrieval@1024,145,all,0.0259,-0.0127,0.0661,0.0019,True,-422.2966,-463.5866,-380.3779,0.5272,0.4836,0.5714,False,reference_vs_baseline,,
response_b,llama,oracle_dag,semantic_retrieval@2048,145,all,0.0163,-0.0213,0.0548,0.0073,True,-716.9724,-815.9183,-620.3529,0.3964,0.3507,0.4465,False,reference_vs_baseline,,
response_b,llama,oracle_dag,rolling_summary@1024,145,all,0.014,-0.0228,0.0531,0.0088,True,-516.7103,-570.3591,-464.2671,0.4768,0.4335,0.5212,False,reference_vs_baseline,,
response_b,llama,oracle_dag,rolling_summary@2048,145,all,0.0226,-0.0172,0.0634,0.0044,True,-763.6552,-874.8214,-656.4548,0.3814,0.3355,0.4321,False,reference_vs_baseline,,
response_b,llama,oracle_dag,full_history,145,all,0.029,-0.0103,0.0697,0.0015,True,-1036.8483,-1255.3069,-832.3116,0.3123,0.2633,0.3721,False,reference_vs_baseline,,
response_b,llama,oracle_dag,sliding_window@1024,145,all,0.1979,0.1387,0.2602,0.0,True,-413.3793,-454.2229,-372.261,0.5325,0.4881,0.5777,False,reference_vs_baseline,,
response_b,llama,oracle_dag,sliding_window@2048,145,all,0.1433,0.0868,0.2017,0.0,True,-712.6207,-809.0298,-619.9238,0.3979,0.3529,0.448,False,reference_vs_baseline,,
response_c,llama,candidate_oracle@15,semantic_retrieval@1024,145,all,0.0344,-0.0012,0.0718,0.0002,True,-420.8483,-462.6969,-378.2407,0.5288,0.4847,0.5739,False,reference_vs_baseline,,
response_c,llama,candidate_oracle@15,semantic_retrieval@2048,145,all,0.0276,-0.0057,0.0615,0.0003,True,-715.5241,-814.3302,-620.0472,0.3976,0.3519,0.4469,False,reference_vs_baseline,,
response_c,llama,candidate_oracle@15,rolling_summary@1024,145,all,0.0144,-0.0213,0.054,0.0076,True,-530.7862,-585.359,-475.5791,0.4709,0.4281,0.516,False,reference_vs_baseline,,
response_c,llama,candidate_oracle@15,rolling_summary@2048,145,all,0.0086,-0.0207,0.0397,0.0053,True,-769.7931,-882.8498,-660.3033,0.3803,0.3349,0.4312,False,reference_vs_baseline,,
response_c,llama,candidate_oracle@15,full_history,145,all,0.0233,-0.01,0.058,0.0011,True,-1035.4,-1260.5597,-835.3009,0.3133,0.2637,0.3709,False,reference_vs_baseline,,
response_c,llama,semantic_retrieval@1024,candidate_oracle@15,145,all,-0.0344,-0.0738,0.0011,0.5841,False,420.8483,379.1448,463.7871,1.891,1.7445,2.0683,False,baseline_vs_reference,,
response_c,llama,semantic_retrieval@2048,candidate_oracle@15,145,all,-0.0276,-0.0621,0.0063,0.4349,False,715.5241,620.4274,813.6634,2.5149,2.2394,2.8449,False,baseline_vs_reference,,
response_c,llama,rolling_summary@1024,candidate_oracle@15,145,all,-0.0144,-0.0529,0.023,0.2013,False,530.7862,475.8053,585.2553,2.1237,1.9397,2.3359,False,baseline_vs_reference,,
response_c,llama,rolling_summary@2048,candidate_oracle@15,145,all,-0.0086,-0.0391,0.0224,0.082,False,769.7931,657.9702,884.3398,2.6298,2.3107,2.9889,False,baseline_vs_reference,,
response_c,llama,oracle_dag,semantic_retrieval@1024,145,all,0.0246,-0.0116,0.0625,0.0015,True,-422.2966,-463.7384,-381.4402,0.5272,0.4838,0.5708,False,reference_vs_baseline,,
response_c,llama,oracle_dag,semantic_retrieval@2048,145,all,0.0178,-0.0144,0.0494,0.002,True,-716.9724,-815.4914,-621.7559,0.3964,0.3516,0.4448,False,reference_vs_baseline,,
response_c,llama,oracle_dag,rolling_summary@1024,145,all,0.0046,-0.0328,0.0437,0.0358,False,-532.2345,-586.9381,-475.4267,0.4694,0.4273,0.515,False,reference_vs_baseline,,
response_c,llama,oracle_dag,rolling_summary@2048,145,all,-0.0011,-0.0322,0.0299,0.0327,False,-771.2414,-886.5195,-663.9236,0.3791,0.3326,0.428,False,reference_vs_baseline,,
response_c,llama,oracle_dag,full_history,145,all,0.0136,-0.0218,0.0506,0.0094,True,-1036.8483,-1256.7874,-837.5776,0.3123,0.2626,0.371,False,reference_vs_baseline,,
pooled,llama,candidate_oracle@15,semantic_retrieval@1024,145,all,0.0181,-0.0064,0.0443,0.0,True,-420.8483,-462.939,-378.6064,0.5288,0.4847,0.5742,False,pooled,,
pooled,llama,candidate_oracle@15,semantic_retrieval@2048,145,all,0.0163,-0.0077,0.042,0.0,True,-715.5241,-813.1114,-618.7922,0.3976,0.3525,0.447,False,pooled,,
pooled,llama,candidate_oracle@15,rolling_summary@1024,145,all,0.0107,-0.0156,0.0383,0.0008,True,-522.9701,-575.9645,-468.9239,0.4746,0.4328,0.5191,False,pooled,,
pooled,llama,candidate_oracle@15,rolling_summary@2048,145,all,0.0136,-0.01,0.0387,0.0,True,-765.5379,-880.4162,-656.6321,0.3816,0.335,0.4328,False,pooled,,
